run,spec,overall,macro_f1,delta_pp,changed,worse,better,mcnemar_p,weight_MB,per_snr,delta_per_snr
runs/iqformer_s1,FP32,0.6343863636363636,0.6564535953254628,0.0,0,0,0,1.0,1.420196,"{""-20"": 0.09772727272727273, ""-18"": 0.10454545454545454, ""-16"": 0.10227272727272728, ""-14"": 0.145, ""-12"": 0.18545454545454546, ""-10"": 0.2540909090909091, ""-8"": 0.3795454545454545, ""-6"": 0.5854545454545454, ""-4"": 0.7354545454545455, ""-2"": 0.8468181818181818, ""0"": 0.905, ""2"": 0.9231818181818182, ""4"": 0.9240909090909091, ""6"": 0.9304545454545454, ""8"": 0.9254545454545454, ""10"": 0.9277272727272727, ""12"": 0.9277272727272727, ""14"": 0.9336363636363636, ""16"": 0.9304545454545454, ""18"": 0.9236363636363636}",
runs/iqformer_s1,CONV=W8A8,0.634159090909091,0.6566467666532186,-0.02272727272726316,475,154,144,0.6021932385765316,0.657652,"{""-20"": 0.09681818181818182, ""-18"": 0.10318181818181818, ""-16"": 0.10181818181818182, ""-14"": 0.14636363636363636, ""-12"": 0.18227272727272728, ""-10"": 0.25363636363636366, ""-8"": 0.38227272727272726, ""-6"": 0.5804545454545454, ""-4"": 0.7377272727272727, ""-2"": 0.8472727272727273, ""0"": 0.9063636363636364, ""2"": 0.9227272727272727, ""4"": 0.9245454545454546, ""6"": 0.9309090909090909, ""8"": 0.9259090909090909, ""10"": 0.9281818181818182, ""12"": 0.9286363636363636, ""14"": 0.9322727272727273, ""16"": 0.9268181818181818, ""18"": 0.925}","{""-20"": -0.0909090909090915, ""-18"": -0.13636363636363585, ""-16"": -0.04545454545454575, ""-14"": 0.13636363636363724, ""-12"": -0.31818181818181746, ""-10"": -0.04545454545454297, ""-8"": 0.2727272727272745, ""-6"": -0.5000000000000004, ""-4"": 0.2272727272727204, ""-2"": 0.04545454545454852, ""0"": 0.13636363636363447, ""2"": -0.04545454545454852, ""4"": 0.04545454545454852, ""6"": 0.04545454545454852, ""8"": 0.04545454545454852, ""10"": 0.04545454545454852, ""12"": 0.09090909090908594, ""14"": -0.13636363636363447, ""16"": -0.363636363636366, ""18"": 0.13636363636364557}"
runs/iqformer_s1,CONV=W6A6,0.631159090909091,0.655611312094892,-0.3227272727272634,2656,902,760,0.0005391092593448425,0.59337,"{""-20"": 0.09681818181818182, ""-18"": 0.10136363636363636, ""-16"": 0.10045454545454545, ""-14"": 0.1368181818181818, ""-12"": 0.18136363636363637, ""-10"": 0.2559090909090909, ""-8"": 0.37681818181818183, ""-6"": 0.5595454545454546, ""-4"": 0.735, ""-2"": 0.8454545454545455, ""0"": 0.9077272727272727, ""2"": 0.9259090909090909, ""4"": 0.9181818181818182, ""6"": 0.9327272727272727, ""8"": 0.92, ""10"": 0.925, ""12"": 0.9195454545454546, ""14"": 0.935, ""16"": 0.9236363636363636, ""18"": 0.9259090909090909}","{""-20"": -0.0909090909090915, ""-18"": -0.31818181818181746, ""-16"": -0.181818181818183, ""-14"": -0.8181818181818179, ""-12"": -0.40909090909090895, ""-10"": 0.181818181818183, ""-8"": -0.27272727272726893, ""-6"": -2.590909090909088, ""-4"": -0.04545454545454852, ""-2"": -0.13636363636363447, ""0"": 0.27272727272726893, ""2"": 0.27272727272726893, ""4"": -0.5909090909090864, ""6"": 0.2272727272727315, ""8"": -0.5454545454545379, ""10"": -0.27272727272726893, ""12"": -0.8181818181818179, ""14"": 0.13636363636364557, ""16"": -0.6818181818181834, ""18"": 0.2272727272727315}"
runs/iqformer_s1,CONV=W4A4,0.4705909090909091,0.45446978546735467,-16.379545454545447,24105,10385,3178,0.0,0.529088,"{""-20"": 0.10045454545454545, ""-18"": 0.105, ""-16"": 0.11363636363636363, ""-14"": 0.13227272727272726, ""-12"": 0.13863636363636364, ""-10"": 0.1968181818181818, ""-8"": 0.26590909090909093, ""-6"": 0.37636363636363634, ""-4"": 0.5036363636363637, ""-2"": 0.6095454545454545, ""0"": 0.6872727272727273, ""2"": 0.7036363636363636, ""4"": 0.6927272727272727, ""6"": 0.7013636363636364, ""8"": 0.6781818181818182, ""10"": 0.69, ""12"": 0.6804545454545454, ""14"": 0.6845454545454546, ""16"": 0.6777272727272727, ""18"": 0.6736363636363636}","{""-20"": 0.2727272727272717, ""-18"": 0.04545454545454575, ""-16"": 1.1363636363636354, ""-14"": -1.2727272727272725, ""-12"": -4.681818181818182, ""-10"": -5.727272727272728, ""-8"": -11.36363636363636, ""-6"": -20.90909090909091, ""-4"": -23.18181818181818, ""-2"": -23.72727272727273, ""0"": -21.772727272727277, ""2"": -21.95454545454546, ""4"": -23.136363636363633, ""6"": -22.9090909090909, ""8"": -24.72727272727272, ""10"": -23.77272727272728, ""12"": -24.72727272727273, ""14"": -24.909090909090903, ""16"": -25.27272727272727, ""18"": -25.0}"
runs/iqformer_s1,CONV=W8A32,0.63425,0.6563079128825715,-0.013636363636360116,132,39,33,0.555997717760971,0.657652,"{""-20"": 0.09772727272727273, ""-18"": 0.1040909090909091, ""-16"": 0.10272727272727272, ""-14"": 0.14454545454545453, ""-12"": 0.185, ""-10"": 0.25363636363636366, ""-8"": 0.37863636363636366, ""-6"": 0.5822727272727273, ""-4"": 0.7368181818181818, ""-2"": 0.8486363636363636, ""0"": 0.9045454545454545, ""2"": 0.9231818181818182, ""4"": 0.9245454545454546, ""6"": 0.93, ""8"": 0.9254545454545454, ""10"": 0.9277272727272727, ""12"": 0.9281818181818182, ""14"": 0.9336363636363636, ""16"": 0.9295454545454546, ""18"": 0.9240909090909091}","{""-20"": 0.0, ""-18"": -0.04545454545454436, ""-16"": 0.04545454545454436, ""-14"": -0.04545454545454575, ""-12"": -0.04545454545454575, ""-10"": -0.04545454545454297, ""-8"": -0.09090909090908594, ""-6"": -0.31818181818181746, ""-4"": 0.13636363636363447, ""-2"": 0.181818181818183, ""0"": -0.04545454545454852, ""2"": 0.0, ""4"": 0.04545454545454852, ""6"": -0.04545454545453742, ""8"": 0.0, ""10"": 0.0, ""12"": 0.04545454545454852, ""14"": 0.0, ""16"": -0.09090909090908594, ""18"": 0.04545454545454852}"
runs/iqformer_s1,CONV=W6A32,0.6343181818181818,0.6563749537082975,-0.006818181818180058,531,136,133,0.9029744638059516,0.59337,"{""-20"": 0.09636363636363636, ""-18"": 0.105, ""-16"": 0.10318181818181818, ""-14"": 0.145, ""-12"": 0.18409090909090908, ""-10"": 0.25363636363636366, ""-8"": 0.37863636363636366, ""-6"": 0.5836363636363636, ""-4"": 0.7372727272727273, ""-2"": 0.8495454545454545, ""0"": 0.9068181818181819, ""2"": 0.9227272727272727, ""4"": 0.9236363636363636, ""6"": 0.9309090909090909, ""8"": 0.925, ""10"": 0.9281818181818182, ""12"": 0.9272727272727272, ""14"": 0.9322727272727273, ""16"": 0.9286363636363636, ""18"": 0.9245454545454546}","{""-20"": -0.13636363636363724, ""-18"": 0.04545454545454575, ""-16"": 0.0909090909090901, ""-14"": 0.0, ""-12"": -0.13636363636363724, ""-10"": -0.04545454545454297, ""-8"": -0.09090909090908594, ""-6"": -0.181818181818183, ""-4"": 0.181818181818183, ""-2"": 0.27272727272726893, ""0"": 0.181818181818183, ""2"": -0.04545454545454852, ""4"": -0.04545454545454852, ""6"": 0.04545454545454852, ""8"": -0.04545454545453742, ""10"": 0.04545454545454852, ""12"": -0.04545454545454852, ""14"": -0.13636363636363447, ""16"": -0.181818181818183, ""18"": 0.09090909090909705}"
runs/iqformer_s1,CONV=W4A32,0.6307045454545455,0.6481137738680978,-0.36818181818181195,3014,856,694,4.260582740882549e-05,0.529088,"{""-20"": 0.09818181818181818, ""-18"": 0.10363636363636364, ""-16"": 0.10545454545454545, ""-14"": 0.15045454545454545, ""-12"": 0.19454545454545455, ""-10"": 0.26454545454545453, ""-8"": 0.3890909090909091, ""-6"": 0.5827272727272728, ""-4"": 0.7272727272727273, ""-2"": 0.8236363636363636, ""0"": 0.8854545454545455, ""2"": 0.9127272727272727, ""4"": 0.9159090909090909, ""6"": 0.9231818181818182, ""8"": 0.92, ""10"": 0.9218181818181819, ""12"": 0.9240909090909091, ""14"": 0.9240909090909091, ""16"": 0.9245454545454546, ""18"": 0.9227272727272727}","{""-20"": 0.04545454545454436, ""-18"": -0.0909090909090901, ""-16"": 0.31818181818181746, ""-14"": 0.5454545454545462, ""-12"": 0.9090909090909094, ""-10"": 1.0454545454545439, ""-8"": 0.9545454545454579, ""-6"": -0.27272727272726893, ""-4"": -0.8181818181818179, ""-2"": -2.3181818181818192, ""0"": -1.9545454545454533, ""2"": -1.0454545454545494, ""4"": -0.8181818181818179, ""6"": -0.7272727272727209, ""8"": -0.5454545454545379, ""10"": -0.5909090909090864, ""12"": -0.363636363636366, ""14"": -0.9545454545454524, ""16"": -0.5909090909090864, ""18"": -0.09090909090908594}"
runs/iqformer_s1,CONV=W3A32,0.5868863636363636,0.5997974466906529,-4.749999999999998,6354,3043,953,1.1237235768481372e-251,0.496947,"{""-20"": 0.10045454545454545, ""-18"": 0.10681818181818181, ""-16"": 0.11227272727272727, ""-14"": 0.16590909090909092, ""-12"": 0.2018181818181818, ""-10"": 0.25363636363636366, ""-8"": 0.37636363636363634, ""-6"": 0.545, ""-4"": 0.6786363636363636, ""-2"": 0.7677272727272727, ""0"": 0.8413636363636363, ""2"": 0.850909090909091, ""4"": 0.8495454545454545, ""6"": 0.8504545454545455, ""8"": 0.8418181818181818, ""10"": 0.8372727272727273, ""12"": 0.8386363636363636, ""14"": 0.8386363636363636, ""16"": 0.8336363636363636, ""18"": 0.8468181818181818}","{""-20"": 0.2727272727272717, ""-18"": 0.22727272727272735, ""-16"": 0.9999999999999996, ""-14"": 2.0909090909090935, ""-12"": 1.6363636363636358, ""-10"": -0.04545454545454297, ""-8"": -0.31818181818181746, ""-6"": -4.045454545454541, ""-4"": -5.681818181818188, ""-2"": -7.90909090909091, ""0"": -6.363636363636371, ""2"": -7.227272727272727, ""4"": -7.454545454545459, ""6"": -7.9999999999999964, ""8"": -8.363636363636362, ""10"": -9.045454545454545, ""12"": -8.90909090909091, ""14"": -9.499999999999996, ""16"": -9.68181818181818, ""18"": -7.681818181818178}"
runs/iqformer_s1,CONV=W32A8,0.6342954545454546,0.6568427401209204,-0.009090909090903043,440,146,142,0.8597229188081303,1.416428,"{""-20"": 0.09727272727272727, ""-18"": 0.10363636363636364, ""-16"": 0.10318181818181818, ""-14"": 0.145, ""-12"": 0.18454545454545454, ""-10"": 0.2540909090909091, ""-8"": 0.38136363636363635, ""-6"": 0.5786363636363636, ""-4"": 0.735, ""-2"": 0.8486363636363636, ""0"": 0.9054545454545454, ""2"": 0.9236363636363636, ""4"": 0.9231818181818182, ""6"": 0.9304545454545454, ""8"": 0.9254545454545454, ""10"": 0.9272727272727272, ""12"": 0.9318181818181818, ""14"": 0.9345454545454546, ""16"": 0.9277272727272727, ""18"": 0.925}","{""-20"": -0.04545454545454575, ""-18"": -0.0909090909090901, ""-16"": 0.0909090909090901, ""-14"": 0.0, ""-12"": -0.0909090909090915, ""-10"": 0.0, ""-8"": 0.181818181818183, ""-6"": -0.6818181818181834, ""-4"": -0.04545454545454852, ""-2"": 0.181818181818183, ""0"": 0.04545454545453742, ""2"": 0.04545454545453742, ""4"": -0.09090909090908594, ""6"": 0.0, ""8"": 0.0, ""10"": -0.04545454545454852, ""12"": 0.4090909090909034, ""14"": 0.09090909090909705, ""16"": -0.27272727272726893, ""18"": 0.13636363636364557}"
runs/iqformer_s1,CONV=W32A6,0.6323409090909091,0.6570800201092803,-0.20454545454544615,2633,881,791,0.029482660614432384,1.416428,"{""-20"": 0.09909090909090909, ""-18"": 0.09863636363636363, ""-16"": 0.10545454545454545, ""-14"": 0.14136363636363636, ""-12"": 0.18363636363636363, ""-10"": 0.25681818181818183, ""-8"": 0.3690909090909091, ""-6"": 0.5659090909090909, ""-4"": 0.730909090909091, ""-2"": 0.8486363636363636, ""0"": 0.905, ""2"": 0.9240909090909091, ""4"": 0.9218181818181819, ""6"": 0.9345454545454546, ""8"": 0.9240909090909091, ""10"": 0.9236363636363636, ""12"": 0.9263636363636364, ""14"": 0.9354545454545454, ""16"": 0.9231818181818182, ""18"": 0.9290909090909091}","{""-20"": 0.13636363636363585, ""-18"": -0.5909090909090906, ""-16"": 0.31818181818181746, ""-14"": -0.3636363636363632, ""-12"": -0.181818181818183, ""-10"": 0.2727272727272745, ""-8"": -1.0454545454545439, ""-6"": -1.9545454545454533, ""-4"": -0.4545454545454519, ""-2"": 0.181818181818183, ""0"": 0.0, ""2"": 0.09090909090908594, ""4"": -0.2272727272727204, ""6"": 0.4090909090909145, ""8"": -0.13636363636363447, ""10"": -0.4090909090909145, ""12"": -0.13636363636363447, ""14"": 0.181818181818183, ""16"": -0.7272727272727209, ""18"": 0.545454545454549}"
runs/iqformer_s1,CONV=W32A4,0.4855909090909091,0.4740383277873869,-14.87954545454545,23328,9678,3131,0.0,1.416428,"{""-20"": 0.09272727272727273, ""-18"": 0.10272727272727272, ""-16"": 0.11045454545454546, ""-14"": 0.12954545454545455, ""-12"": 0.14045454545454544, ""-10"": 0.19, ""-8"": 0.2740909090909091, ""-6"": 0.37863636363636366, ""-4"": 0.5013636363636363, ""-2"": 0.610909090909091, ""0"": 0.6995454545454546, ""2"": 0.7163636363636363, ""4"": 0.7236363636363636, ""6"": 0.735, ""8"": 0.7122727272727273, ""10"": 0.7231818181818181, ""12"": 0.7181818181818181, ""14"": 0.7236363636363636, ""16"": 0.7186363636363636, ""18"": 0.7104545454545454}","{""-20"": -0.5000000000000004, ""-18"": -0.1818181818181816, ""-16"": 0.8181818181818179, ""-14"": -1.5454545454545443, ""-12"": -4.500000000000001, ""-10"": -6.409090909090908, ""-8"": -10.545454545454541, ""-6"": -20.68181818181818, ""-4"": -23.409090909090914, ""-2"": -23.590909090909086, ""0"": -20.545454545454543, ""2"": -20.68181818181819, ""4"": -20.045454545454543, ""6"": -19.545454545454543, ""8"": -21.318181818181813, ""10"": -20.45454545454546, ""12"": -20.95454545454546, ""14"": -20.999999999999996, ""16"": -21.18181818181818, ""18"": -21.318181818181813}"
runs/iqformer_s1,ATTN=W8A8,0.6340227272727272,0.6560031085372335,-0.03636363636363438,160,54,38,0.11737015883134433,1.272044,"{""-20"": 0.09772727272727273, ""-18"": 0.10363636363636364, ""-16"": 0.10227272727272728, ""-14"": 0.14454545454545453, ""-12"": 0.18363636363636363, ""-10"": 0.25181818181818183, ""-8"": 0.37681818181818183, ""-6"": 0.5831818181818181, ""-4"": 0.7368181818181818, ""-2"": 0.8481818181818181, ""0"": 0.9045454545454545, ""2"": 0.9231818181818182, ""4"": 0.9245454545454546, ""6"": 0.9304545454545454, ""8"": 0.9254545454545454, ""10"": 0.9281818181818182, ""12"": 0.9268181818181818, ""14"": 0.9345454545454546, ""16"": 0.9295454545454546, ""18"": 0.9245454545454546}","{""-20"": 0.0, ""-18"": -0.0909090909090901, ""-16"": 0.0, ""-14"": -0.04545454545454575, ""-12"": -0.181818181818183, ""-10"": -0.22727272727272596, ""-8"": -0.27272727272726893, ""-6"": -0.2272727272727315, ""-4"": 0.13636363636363447, ""-2"": 0.13636363636363447, ""0"": -0.04545454545454852, ""2"": 0.0, ""4"": 0.04545454545454852, ""6"": 0.0, ""8"": 0.0, ""10"": 0.04545454545454852, ""12"": -0.09090909090909705, ""14"": 0.09090909090909705, ""16"": -0.09090909090908594, ""18"": 0.09090909090909705}"
runs/iqformer_s1,ATTN=W6A6,0.6342272727272728,0.6555483973807229,-0.0159090909090831,670,182,175,0.7508743114969401,1.259756,"{""-20"": 0.09818181818181818, ""-18"": 0.10363636363636364, ""-16"": 0.10272727272727272, ""-14"": 0.1440909090909091, ""-12"": 0.19090909090909092, ""-10"": 0.2540909090909091, ""-8"": 0.37863636363636366, ""-6"": 0.5790909090909091, ""-4"": 0.7368181818181818, ""-2"": 0.8445454545454546, ""0"": 0.9027272727272727, ""2"": 0.9245454545454546, ""4"": 0.9227272727272727, ""6"": 0.9313636363636364, ""8"": 0.925, ""10"": 0.9281818181818182, ""12"": 0.9281818181818182, ""14"": 0.9340909090909091, ""16"": 0.9286363636363636, ""18"": 0.9263636363636364}","{""-20"": 0.04545454545454436, ""-18"": -0.0909090909090901, ""-16"": 0.04545454545454436, ""-14"": -0.09090909090908872, ""-12"": 0.5454545454545462, ""-10"": 0.0, ""-8"": -0.09090909090908594, ""-6"": -0.6363636363636349, ""-4"": 0.13636363636363447, ""-2"": -0.2272727272727204, ""0"": -0.2272727272727315, ""2"": 0.13636363636363447, ""4"": -0.13636363636363447, ""6"": 0.09090909090909705, ""8"": -0.04545454545453742, ""10"": 0.04545454545454852, ""12"": 0.04545454545454852, ""14"": 0.04545454545454852, ""16"": -0.181818181818183, ""18"": 0.27272727272728003}"
runs/iqformer_s1,ATTN=W4A4,0.6075,0.6169269541675004,-2.688636363636354,7781,2537,1354,2.5545238211581187e-81,1.247468,"{""-20"": 0.09863636363636363, ""-18"": 0.09818181818181818, ""-16"": 0.12227272727272727, ""-14"": 0.16318181818181818, ""-12"": 0.205, ""-10"": 0.28136363636363637, ""-8"": 0.37863636363636366, ""-6"": 0.5045454545454545, ""-4"": 0.6613636363636364, ""-2"": 0.7877272727272727, ""0"": 0.8536363636363636, ""2"": 0.8913636363636364, ""4"": 0.8859090909090909, ""6"": 0.899090909090909, ""8"": 0.8759090909090909, ""10"": 0.884090909090909, ""12"": 0.8813636363636363, ""14"": 0.8936363636363637, ""16"": 0.8918181818181818, ""18"": 0.8922727272727272}","{""-20"": 0.0909090909090901, ""-18"": -0.6363636363636362, ""-16"": 1.9999999999999991, ""-14"": 1.8181818181818188, ""-12"": 1.9545454545454533, ""-10"": 2.7272727272727284, ""-8"": -0.09090909090908594, ""-6"": -8.090909090909093, ""-4"": -7.40909090909091, ""-2"": -5.909090909090908, ""0"": -5.1363636363636385, ""2"": -3.1818181818181857, ""4"": -3.8181818181818206, ""6"": -3.136363636363637, ""8"": -4.954545454545456, ""10"": -4.3636363636363695, ""12"": -4.6363636363636385, ""14"": -3.9999999999999925, ""16"": -3.863636363636358, ""18"": -3.136363636363637}"
runs/iqformer_s1,ATTN=W8A32,0.6342045454545454,0.6562622325288816,-0.01818181818181719,52,19,11,0.20048842206597334,1.272044,"{""-20"": 0.09772727272727273, ""-18"": 0.1040909090909091, ""-16"": 0.10227272727272728, ""-14"": 0.14363636363636365, ""-12"": 0.18454545454545454, ""-10"": 0.25227272727272726, ""-8"": 0.38, ""-6"": 0.5845454545454546, ""-4"": 0.735909090909091, ""-2"": 0.8463636363636363, ""0"": 0.905, ""2"": 0.9240909090909091, ""4"": 0.9245454545454546, ""6"": 0.93, ""8"": 0.9254545454545454, ""10"": 0.9277272727272727, ""12"": 0.9281818181818182, ""14"": 0.9340909090909091, ""16"": 0.9309090909090909, ""18"": 0.9227272727272727}","{""-20"": 0.0, ""-18"": -0.04545454545454436, ""-16"": 0.0, ""-14"": -0.13636363636363447, ""-12"": -0.0909090909090915, ""-10"": -0.181818181818183, ""-8"": 0.04545454545454852, ""-6"": -0.09090909090908594, ""-4"": 0.04545454545454852, ""-2"": -0.04545454545454852, ""0"": 0.0, ""2"": 0.09090909090908594, ""4"": 0.04545454545454852, ""6"": -0.04545454545453742, ""8"": 0.0, ""10"": 0.0, ""12"": 0.04545454545454852, ""14"": 0.04545454545454852, ""16"": 0.04545454545454852, ""18"": -0.09090909090908594}"
runs/iqformer_s1,ATTN=W6A32,0.6343181818181818,0.656531423599994,-0.006818181818180058,176,54,51,0.8453703188825517,1.259756,"{""-20"": 0.09727272727272727, ""-18"": 0.10454545454545454, ""-16"": 0.10272727272727272, ""-14"": 0.1459090909090909, ""-12"": 0.18454545454545454, ""-10"": 0.2531818181818182, ""-8"": 0.3795454545454545, ""-6"": 0.5845454545454546, ""-4"": 0.7345454545454545, ""-2"": 0.8468181818181818, ""0"": 0.9054545454545454, ""2"": 0.9236363636363636, ""4"": 0.9240909090909091, ""6"": 0.9313636363636364, ""8"": 0.9259090909090909, ""10"": 0.9277272727272727, ""12"": 0.9277272727272727, ""14"": 0.9336363636363636, ""16"": 0.9295454545454546, ""18"": 0.9236363636363636}","{""-20"": -0.04545454545454575, ""-18"": 0.0, ""-16"": 0.04545454545454436, ""-14"": 0.0909090909090915, ""-12"": -0.0909090909090915, ""-10"": -0.0909090909090915, ""-8"": 0.0, ""-6"": -0.09090909090908594, ""-4"": -0.09090909090909705, ""-2"": 0.0, ""0"": 0.04545454545453742, ""2"": 0.04545454545453742, ""4"": 0.0, ""6"": 0.09090909090909705, ""8"": 0.04545454545454852, ""10"": 0.0, ""12"": 0.0, ""14"": 0.0, ""16"": -0.09090909090908594, ""18"": 0.0}"
runs/iqformer_s1,ATTN=W4A32,0.63375,0.654168624595315,-0.06363636363635461,920,240,212,0.2040432387999555,1.247468,"{""-20"": 0.09954545454545455, ""-18"": 0.10727272727272727, ""-16"": 0.10181818181818182, ""-14"": 0.14954545454545454, ""-12"": 0.19227272727272726, ""-10"": 0.26227272727272727, ""-8"": 0.38, ""-6"": 0.575, ""-4"": 0.7304545454545455, ""-2"": 0.8413636363636363, ""0"": 0.9036363636363637, ""2"": 0.92, ""4"": 0.9222727272727272, ""6"": 0.9304545454545454, ""8"": 0.9245454545454546, ""10"": 0.9277272727272727, ""12"": 0.9254545454545454, ""14"": 0.93, ""16"": 0.9277272727272727, ""18"": 0.9236363636363636}","{""-20"": 0.1818181818181816, ""-18"": 0.2727272727272731, ""-16"": -0.04545454545454575, ""-14"": 0.4545454545454547, ""-12"": 0.6818181818181807, ""-10"": 0.8181818181818179, ""-8"": 0.04545454545454852, ""-6"": -1.0454545454545494, ""-4"": -0.5000000000000004, ""-2"": -0.545454545454549, ""0"": -0.13636363636363447, ""2"": -0.31818181818181746, ""4"": -0.181818181818183, ""6"": 0.0, ""8"": -0.09090909090908594, ""10"": 0.0, ""12"": -0.2272727272727315, ""14"": -0.3636363636363549, ""16"": -0.27272727272726893, ""18"": 0.0}"
runs/iqformer_s1,ATTN=W3A32,0.6333181818181818,0.6523377168817047,-0.10681818181818015,1828,529,482,0.1479409394141716,1.241324,"{""-20"": 0.09863636363636363, ""-18"": 0.10227272727272728, ""-16"": 0.10454545454545454, ""-14"": 0.15318181818181817, ""-12"": 0.19045454545454546, ""-10"": 0.2672727272727273, ""-8"": 0.3759090909090909, ""-6"": 0.5740909090909091, ""-4"": 0.7190909090909091, ""-2"": 0.8368181818181818, ""0"": 0.9018181818181819, ""2"": 0.9218181818181819, ""4"": 0.9213636363636364, ""6"": 0.9281818181818182, ""8"": 0.9240909090909091, ""10"": 0.9277272727272727, ""12"": 0.9268181818181818, ""14"": 0.9313636363636364, ""16"": 0.9290909090909091, ""18"": 0.9318181818181818}","{""-20"": 0.0909090909090901, ""-18"": -0.22727272727272596, ""-16"": 0.22727272727272596, ""-14"": 0.8181818181818179, ""-12"": 0.5000000000000004, ""-10"": 1.3181818181818183, ""-8"": -0.3636363636363604, ""-6"": -1.1363636363636354, ""-4"": -1.6363636363636358, ""-2"": -1.0000000000000009, ""0"": -0.31818181818181746, ""2"": -0.13636363636363447, ""4"": -0.27272727272726893, ""6"": -0.2272727272727204, ""8"": -0.13636363636363447, ""10"": 0.0, ""12"": -0.09090909090909705, ""14"": -0.2272727272727204, ""16"": -0.13636363636363447, ""18"": 0.8181818181818179}"
runs/iqformer_s1,ATTN=W32A8,0.6342045454545454,0.6562278355877175,-0.01818181818181719,147,48,40,0.4557412794379133,1.416428,"{""-20"": 0.09772727272727273, ""-18"": 0.10363636363636364, ""-16"": 0.10227272727272728, ""-14"": 0.14545454545454545, ""-12"": 0.18545454545454546, ""-10"": 0.2540909090909091, ""-8"": 0.37727272727272726, ""-6"": 0.5813636363636364, ""-4"": 0.735909090909091, ""-2"": 0.8477272727272728, ""0"": 0.9045454545454545, ""2"": 0.9236363636363636, ""4"": 0.9245454545454546, ""6"": 0.93, ""8"": 0.9254545454545454, ""10"": 0.9286363636363636, ""12"": 0.9272727272727272, ""14"": 0.9336363636363636, ""16"": 0.93, ""18"": 0.9254545454545454}","{""-20"": 0.0, ""-18"": -0.0909090909090901, ""-16"": 0.0, ""-14"": 0.04545454545454575, ""-12"": 0.0, ""-10"": 0.0, ""-8"": -0.22727272727272596, ""-6"": -0.4090909090909034, ""-4"": 0.04545454545454852, ""-2"": 0.09090909090909705, ""0"": -0.04545454545454852, ""2"": 0.04545454545453742, ""4"": 0.04545454545454852, ""6"": -0.04545454545453742, ""8"": 0.0, ""10"": 0.09090909090908594, ""12"": -0.04545454545454852, ""14"": 0.0, ""16"": -0.04545454545453742, ""18"": 0.181818181818183}"
runs/iqformer_s1,ATTN=W32A6,0.6343409090909091,0.6555635777032147,-0.0045454545454459705,667,184,182,0.9583223839056098,1.416428,"{""-20"": 0.09772727272727273, ""-18"": 0.10454545454545454, ""-16"": 0.10227272727272728, ""-14"": 0.14454545454545453, ""-12"": 0.18727272727272729, ""-10"": 0.25727272727272726, ""-8"": 0.37863636363636366, ""-6"": 0.5813636363636364, ""-4"": 0.7363636363636363, ""-2"": 0.8440909090909091, ""0"": 0.9036363636363637, ""2"": 0.9254545454545454, ""4"": 0.9227272727272727, ""6"": 0.9309090909090909, ""8"": 0.925, ""10"": 0.9286363636363636, ""12"": 0.9277272727272727, ""14"": 0.9322727272727273, ""16"": 0.9281818181818182, ""18"": 0.9281818181818182}","{""-20"": 0.0, ""-18"": 0.0, ""-16"": 0.0, ""-14"": -0.04545454545454575, ""-12"": 0.181818181818183, ""-10"": 0.31818181818181746, ""-8"": -0.09090909090908594, ""-6"": -0.4090909090909034, ""-4"": 0.09090909090908594, ""-2"": -0.27272727272726893, ""0"": -0.13636363636363447, ""2"": 0.2272727272727204, ""4"": -0.13636363636363447, ""6"": 0.04545454545454852, ""8"": -0.04545454545453742, ""10"": 0.09090909090908594, ""12"": 0.0, ""14"": -0.13636363636363447, ""16"": -0.2272727272727204, ""18"": 0.454545454545463}"
runs/iqformer_s1,ATTN=W32A4,0.6113636363636363,0.6220187823264902,-2.302272727272725,7171,2323,1310,4.407830576305934e-64,1.416428,"{""-20"": 0.09909090909090909, ""-18"": 0.10318181818181818, ""-16"": 0.1190909090909091, ""-14"": 0.16318181818181818, ""-12"": 0.20227272727272727, ""-10"": 0.2768181818181818, ""-8"": 0.38136363636363635, ""-6"": 0.5172727272727272, ""-4"": 0.6745454545454546, ""-2"": 0.7995454545454546, ""0"": 0.8581818181818182, ""2"": 0.8909090909090909, ""4"": 0.8913636363636364, ""6"": 0.9027272727272727, ""8"": 0.8822727272727273, ""10"": 0.895, ""12"": 0.8881818181818182, ""14"": 0.9031818181818182, ""16"": 0.8927272727272727, ""18"": 0.8863636363636364}","{""-20"": 0.13636363636363585, ""-18"": -0.13636363636363585, ""-16"": 1.6818181818181817, ""-14"": 1.8181818181818188, ""-12"": 1.6818181818181817, ""-10"": 2.2727272727272707, ""-8"": 0.181818181818183, ""-6"": -6.818181818181824, ""-4"": -6.090909090909092, ""-2"": -4.727272727272725, ""0"": -4.681818181818187, ""2"": -3.227272727272734, ""4"": -3.2727272727272716, ""6"": -2.772727272727271, ""8"": -4.3181818181818095, ""10"": -3.2727272727272716, ""12"": -3.954545454545455, ""14"": -3.04545454545454, ""16"": -3.772727272727272, ""18"": -3.7272727272727235}"
runs/iqformer_s1,LSTM=W8A8,0.6344318181818182,0.6563134370389999,0.004545454545457073,181,56,58,0.9254349612567242,1.297644,"{""-20"": 0.09772727272727273, ""-18"": 0.1040909090909091, ""-16"": 0.10272727272727272, ""-14"": 0.14545454545454545, ""-12"": 0.185, ""-10"": 0.25136363636363634, ""-8"": 0.37863636363636366, ""-6"": 0.5840909090909091, ""-4"": 0.7354545454545455, ""-2"": 0.8477272727272728, ""0"": 0.905, ""2"": 0.9236363636363636, ""4"": 0.9236363636363636, ""6"": 0.9313636363636364, ""8"": 0.9259090909090909, ""10"": 0.9281818181818182, ""12"": 0.9286363636363636, ""14"": 0.935, ""16"": 0.9309090909090909, ""18"": 0.9240909090909091}","{""-20"": 0.0, ""-18"": -0.04545454545454436, ""-16"": 0.04545454545454436, ""-14"": 0.04545454545454575, ""-12"": -0.04545454545454575, ""-10"": -0.2727272727272745, ""-8"": -0.09090909090908594, ""-6"": -0.13636363636363447, ""-4"": 0.0, ""-2"": 0.09090909090909705, ""0"": 0.0, ""2"": 0.04545454545453742, ""4"": -0.04545454545454852, ""6"": 0.09090909090909705, ""8"": 0.04545454545454852, ""10"": 0.04545454545454852, ""12"": 0.09090909090908594, ""14"": 0.13636363636364557, ""16"": 0.04545454545454852, ""18"": 0.04545454545454852}"
runs/iqformer_s1,LSTM=W6A6,0.6343636363636364,0.6560504928392918,-0.0022727272727229852,686,205,204,1.0,1.287404,"{""-20"": 0.09772727272727273, ""-18"": 0.10272727272727272, ""-16"": 0.10136363636363636, ""-14"": 0.1431818181818182, ""-12"": 0.18409090909090908, ""-10"": 0.25363636363636366, ""-8"": 0.375, ""-6"": 0.5854545454545454, ""-4"": 0.7390909090909091, ""-2"": 0.8481818181818181, ""0"": 0.9045454545454545, ""2"": 0.9236363636363636, ""4"": 0.9254545454545454, ""6"": 0.9304545454545454, ""8"": 0.9263636363636364, ""10"": 0.9281818181818182, ""12"": 0.9290909090909091, ""14"": 0.9327272727272727, ""16"": 0.9290909090909091, ""18"": 0.9272727272727272}","{""-20"": 0.0, ""-18"": -0.1818181818181816, ""-16"": -0.0909090909090915, ""-14"": -0.1818181818181802, ""-12"": -0.13636363636363724, ""-10"": -0.04545454545454297, ""-8"": -0.4545454545454519, ""-6"": 0.0, ""-4"": 0.363636363636366, ""-2"": 0.13636363636363447, ""0"": -0.04545454545454852, ""2"": 0.04545454545453742, ""4"": 0.13636363636363447, ""6"": 0.0, ""8"": 0.09090909090909705, ""10"": 0.04545454545454852, ""12"": 0.13636363636363447, ""14"": -0.09090909090908594, ""16"": -0.13636363636363447, ""18"": 0.363636363636366}"
runs/iqformer_s1,LSTM=W4A4,0.6235227272727273,0.6434803959982976,-1.0863636363636298,3708,1304,826,3.0895525175684273e-25,1.277164,"{""-20"": 0.09636363636363636, ""-18"": 0.09909090909090909, ""-16"": 0.10227272727272728, ""-14"": 0.13454545454545455, ""-12"": 0.17545454545454545, ""-10"": 0.2586363636363636, ""-8"": 0.3659090909090909, ""-6"": 0.5740909090909091, ""-4"": 0.7218181818181818, ""-2"": 0.8340909090909091, ""0"": 0.8927272727272727, ""2"": 0.9127272727272727, ""4"": 0.9104545454545454, ""6"": 0.9127272727272727, ""8"": 0.9077272727272727, ""10"": 0.9209090909090909, ""12"": 0.9077272727272727, ""14"": 0.9204545454545454, ""16"": 0.91, ""18"": 0.9127272727272727}","{""-20"": -0.13636363636363724, ""-18"": -0.5454545454545447, ""-16"": 0.0, ""-14"": -1.0454545454545439, ""-12"": -1.0000000000000009, ""-10"": 0.4545454545454519, ""-8"": -1.3636363636363613, ""-6"": -1.1363636363636354, ""-4"": -1.3636363636363669, ""-2"": -1.2727272727272698, ""0"": -1.2272727272727324, ""2"": -1.0454545454545494, ""4"": -1.3636363636363669, ""6"": -1.7727272727272703, ""8"": -1.7727272727272703, ""10"": -0.6818181818181834, ""12"": -2.0000000000000018, ""14"": -1.3181818181818183, ""16"": -2.045454545454539, ""18"": -1.0909090909090868}"
runs/iqformer_s1,LSTM=W8A32,0.63425,0.6562957966406182,-0.013636363636360116,67,18,12,0.36159460805356514,1.297644,"{""-20"": 0.09772727272727273, ""-18"": 0.1040909090909091, ""-16"": 0.10227272727272728, ""-14"": 0.14545454545454545, ""-12"": 0.18454545454545454, ""-10"": 0.25181818181818183, ""-8"": 0.3790909090909091, ""-6"": 0.585, ""-4"": 0.7354545454545455, ""-2"": 0.8481818181818181, ""0"": 0.9045454545454545, ""2"": 0.9236363636363636, ""4"": 0.9240909090909091, ""6"": 0.93, ""8"": 0.9254545454545454, ""10"": 0.9281818181818182, ""12"": 0.9277272727272727, ""14"": 0.9331818181818182, ""16"": 0.93, ""18"": 0.9245454545454546}","{""-20"": 0.0, ""-18"": -0.04545454545454436, ""-16"": 0.0, ""-14"": 0.04545454545454575, ""-12"": -0.0909090909090915, ""-10"": -0.22727272727272596, ""-8"": -0.04545454545454297, ""-6"": -0.04545454545454852, ""-4"": 0.0, ""-2"": 0.13636363636363447, ""0"": -0.04545454545454852, ""2"": 0.04545454545453742, ""4"": 0.0, ""6"": -0.04545454545453742, ""8"": 0.0, ""10"": 0.04545454545454852, ""12"": 0.0, ""14"": -0.04545454545453742, ""16"": -0.04545454545453742, ""18"": 0.09090909090909705}"
runs/iqformer_s1,LSTM=W6A32,0.6339545454545454,0.6559199579698641,-0.043181818181814435,263,91,72,0.1583688979313938,1.287404,"{""-20"": 0.09772727272727273, ""-18"": 0.10363636363636364, ""-16"": 0.10272727272727272, ""-14"": 0.14454545454545453, ""-12"": 0.18363636363636363, ""-10"": 0.2509090909090909, ""-8"": 0.37681818181818183, ""-6"": 0.5831818181818181, ""-4"": 0.7377272727272727, ""-2"": 0.845, ""0"": 0.9045454545454545, ""2"": 0.9236363636363636, ""4"": 0.9240909090909091, ""6"": 0.9309090909090909, ""8"": 0.9268181818181818, ""10"": 0.9286363636363636, ""12"": 0.9290909090909091, ""14"": 0.9331818181818182, ""16"": 0.9290909090909091, ""18"": 0.9231818181818182}","{""-20"": 0.0, ""-18"": -0.0909090909090901, ""-16"": 0.04545454545454436, ""-14"": -0.04545454545454575, ""-12"": -0.181818181818183, ""-10"": -0.31818181818181746, ""-8"": -0.27272727272726893, ""-6"": -0.2272727272727315, ""-4"": 0.2272727272727204, ""-2"": -0.181818181818183, ""0"": -0.04545454545454852, ""2"": 0.04545454545453742, ""4"": 0.0, ""6"": 0.04545454545454852, ""8"": 0.13636363636363447, ""10"": 0.09090909090908594, ""12"": 0.13636363636363447, ""14"": -0.04545454545453742, ""16"": -0.13636363636363447, ""18"": -0.04545454545453742}"
runs/iqformer_s1,LSTM=W4A32,0.6337727272727273,0.6559713466407561,-0.061363636363631624,1106,319,292,0.29286269346886845,1.277164,"{""-20"": 0.09681818181818182, ""-18"": 0.10363636363636364, ""-16"": 0.09818181818181818, ""-14"": 0.145, ""-12"": 0.1859090909090909, ""-10"": 0.2545454545454545, ""-8"": 0.37636363636363634, ""-6"": 0.5731818181818182, ""-4"": 0.735909090909091, ""-2"": 0.8422727272727273, ""0"": 0.9059090909090909, ""2"": 0.9240909090909091, ""4"": 0.9222727272727272, ""6"": 0.9327272727272727, ""8"": 0.9263636363636364, ""10"": 0.9295454545454546, ""12"": 0.9295454545454546, ""14"": 0.9313636363636364, ""16"": 0.9290909090909091, ""18"": 0.9327272727272727}","{""-20"": -0.0909090909090915, ""-18"": -0.0909090909090901, ""-16"": -0.40909090909091034, ""-14"": 0.0, ""-12"": 0.04545454545454575, ""-10"": 0.04545454545454297, ""-8"": -0.31818181818181746, ""-6"": -1.2272727272727213, ""-4"": 0.04545454545454852, ""-2"": -0.4545454545454519, ""0"": 0.09090909090908594, ""2"": 0.09090909090908594, ""4"": -0.181818181818183, ""6"": 0.2272727272727315, ""8"": 0.09090909090909705, ""10"": 0.181818181818183, ""12"": 0.181818181818183, ""14"": -0.2272727272727204, ""16"": -0.13636363636363447, ""18"": 0.909090909090915}"
runs/iqformer_s1,LSTM=W3A32,0.62725,0.6420315475700562,-0.7136363636363607,4421,1162,848,2.6450020442504167e-12,1.272044,"{""-20"": 0.1009090909090909, ""-18"": 0.10454545454545454, ""-16"": 0.10681818181818181, ""-14"": 0.16272727272727272, ""-12"": 0.19363636363636363, ""-10"": 0.2631818181818182, ""-8"": 0.3704545454545455, ""-6"": 0.575, ""-4"": 0.72, ""-2"": 0.8268181818181818, ""0"": 0.8886363636363637, ""2"": 0.9090909090909091, ""4"": 0.9086363636363637, ""6"": 0.9172727272727272, ""8"": 0.9145454545454546, ""10"": 0.915, ""12"": 0.9159090909090909, ""14"": 0.9268181818181818, ""16"": 0.9118181818181819, ""18"": 0.9131818181818182}","{""-20"": 0.31818181818181746, ""-18"": 0.0, ""-16"": 0.4545454545454533, ""-14"": 1.772727272727273, ""-12"": 0.8181818181818179, ""-10"": 0.9090909090909094, ""-8"": -0.9090909090909038, ""-6"": -1.0454545454545494, ""-4"": -1.5454545454545499, ""-2"": -2.0000000000000018, ""0"": -1.6363636363636358, ""2"": -1.4090909090909154, ""4"": -1.5454545454545388, ""6"": -1.3181818181818183, ""8"": -1.0909090909090868, ""10"": -1.2727272727272698, ""12"": -1.1818181818181839, ""14"": -0.6818181818181834, ""16"": -1.8636363636363562, ""18"": -1.0454545454545383}"
runs/iqformer_s1,LSTM=W32A8,0.6342727272727273,0.6562523004153866,-0.011363636363626028,171,54,49,0.6936859650244839,1.416428,"{""-20"": 0.09772727272727273, ""-18"": 0.1040909090909091, ""-16"": 0.10227272727272728, ""-14"": 0.14454545454545453, ""-12"": 0.1859090909090909, ""-10"": 0.25227272727272726, ""-8"": 0.37863636363636366, ""-6"": 0.5831818181818181, ""-4"": 0.7345454545454545, ""-2"": 0.8463636363636363, ""0"": 0.905, ""2"": 0.9227272727272727, ""4"": 0.9236363636363636, ""6"": 0.9309090909090909, ""8"": 0.9254545454545454, ""10"": 0.9281818181818182, ""12"": 0.9286363636363636, ""14"": 0.9354545454545454, ""16"": 0.9318181818181818, ""18"": 0.9240909090909091}","{""-20"": 0.0, ""-18"": -0.04545454545454436, ""-16"": 0.0, ""-14"": -0.04545454545454575, ""-12"": 0.04545454545454575, ""-10"": -0.181818181818183, ""-8"": -0.09090909090908594, ""-6"": -0.2272727272727315, ""-4"": -0.09090909090909705, ""-2"": -0.04545454545454852, ""0"": 0.0, ""2"": -0.04545454545454852, ""4"": -0.04545454545454852, ""6"": 0.04545454545454852, ""8"": 0.0, ""10"": 0.04545454545454852, ""12"": 0.09090909090908594, ""14"": 0.181818181818183, ""16"": 0.13636363636363447, ""18"": 0.04545454545454852}"
runs/iqformer_s1,LSTM=W32A6,0.6345227272727273,0.6559327625268184,0.013636363636371218,632,186,192,0.7970868424925689,1.416428,"{""-20"": 0.09772727272727273, ""-18"": 0.10272727272727272, ""-16"": 0.10136363636363636, ""-14"": 0.14363636363636365, ""-12"": 0.18545454545454546, ""-10"": 0.2540909090909091, ""-8"": 0.37681818181818183, ""-6"": 0.5827272727272728, ""-4"": 0.7427272727272727, ""-2"": 0.8454545454545455, ""0"": 0.9045454545454545, ""2"": 0.9231818181818182, ""4"": 0.925, ""6"": 0.9309090909090909, ""8"": 0.9259090909090909, ""10"": 0.9277272727272727, ""12"": 0.93, ""14"": 0.9331818181818182, ""16"": 0.9295454545454546, ""18"": 0.9277272727272727}","{""-20"": 0.0, ""-18"": -0.1818181818181816, ""-16"": -0.0909090909090915, ""-14"": -0.13636363636363447, ""-12"": 0.0, ""-10"": 0.0, ""-8"": -0.27272727272726893, ""-6"": -0.27272727272726893, ""-4"": 0.7272727272727209, ""-2"": -0.13636363636363447, ""0"": -0.04545454545454852, ""2"": 0.0, ""4"": 0.09090909090909705, ""6"": 0.04545454545454852, ""8"": 0.04545454545454852, ""10"": 0.0, ""12"": 0.2272727272727315, ""14"": -0.04545454545453742, ""16"": -0.09090909090908594, ""18"": 0.4090909090909145}"
runs/iqformer_s1,LSTM=W32A4,0.621840909090909,0.6408491939417357,-1.2545454545454526,3937,1407,855,2.4806010609188453e-31,1.416428,"{""-20"": 0.09636363636363636, ""-18"": 0.09863636363636363, ""-16"": 0.105, ""-14"": 0.13545454545454547, ""-12"": 0.17181818181818181, ""-10"": 0.25636363636363635, ""-8"": 0.36272727272727273, ""-6"": 0.5754545454545454, ""-4"": 0.7159090909090909, ""-2"": 0.8327272727272728, ""0"": 0.889090909090909, ""2"": 0.9081818181818182, ""4"": 0.9095454545454545, ""6"": 0.9077272727272727, ""8"": 0.9059090909090909, ""10"": 0.9172727272727272, ""12"": 0.9090909090909091, ""14"": 0.9204545454545454, ""16"": 0.9109090909090909, ""18"": 0.9081818181818182}","{""-20"": -0.13636363636363724, ""-18"": -0.5909090909090906, ""-16"": 0.2727272727272717, ""-14"": -0.9545454545454524, ""-12"": -1.3636363636363642, ""-10"": 0.22727272727272596, ""-8"": -1.6818181818181788, ""-6"": -1.0000000000000009, ""-4"": -1.9545454545454533, ""-2"": -1.4090909090909043, ""0"": -1.5909090909090984, ""2"": -1.5000000000000013, ""4"": -1.4545454545454528, ""6"": -2.2727272727272707, ""8"": -1.9545454545454533, ""10"": -1.0454545454545494, ""12"": -1.8636363636363673, ""14"": -1.3181818181818183, ""16"": -1.9545454545454533, ""18"": -1.5454545454545388}"
runs/iqformer_s1,HEAD=W8A8,0.6346590909090909,0.656997773674251,0.027272727272731334,295,76,88,0.39043016796270646,1.41436,"{""-20"": 0.09772727272727273, ""-18"": 0.10363636363636364, ""-16"": 0.10272727272727272, ""-14"": 0.14454545454545453, ""-12"": 0.1859090909090909, ""-10"": 0.25272727272727274, ""-8"": 0.38, ""-6"": 0.5827272727272728, ""-4"": 0.735, ""-2"": 0.8481818181818181, ""0"": 0.905, ""2"": 0.9231818181818182, ""4"": 0.925, ""6"": 0.9309090909090909, ""8"": 0.9259090909090909, ""10"": 0.9272727272727272, ""12"": 0.9309090909090909, ""14"": 0.9359090909090909, ""16"": 0.9331818181818182, ""18"": 0.9227272727272727}","{""-20"": 0.0, ""-18"": -0.0909090909090901, ""-16"": 0.04545454545454436, ""-14"": -0.04545454545454575, ""-12"": 0.04545454545454575, ""-10"": -0.13636363636363447, ""-8"": 0.04545454545454852, ""-6"": -0.27272727272726893, ""-4"": -0.04545454545454852, ""-2"": 0.13636363636363447, ""0"": 0.0, ""2"": 0.0, ""4"": 0.09090909090909705, ""6"": 0.04545454545454852, ""8"": 0.04545454545454852, ""10"": -0.04545454545454852, ""12"": 0.31818181818181746, ""14"": 0.2272727272727315, ""16"": 0.27272727272728003, ""18"": -0.09090909090908594}"
runs/iqformer_s1,HEAD=W6A6,0.6346590909090909,0.6559122458076285,0.027272727272731334,1090,286,298,0.6490145782199941,1.414184,"{""-20"": 0.09909090909090909, ""-18"": 0.10272727272727272, ""-16"": 0.10272727272727272, ""-14"": 0.14227272727272727, ""-12"": 0.18681818181818183, ""-10"": 0.25772727272727275, ""-8"": 0.3759090909090909, ""-6"": 0.5854545454545454, ""-4"": 0.730909090909091, ""-2"": 0.8463636363636363, ""0"": 0.9059090909090909, ""2"": 0.9259090909090909, ""4"": 0.9240909090909091, ""6"": 0.9295454545454546, ""8"": 0.9254545454545454, ""10"": 0.9277272727272727, ""12"": 0.9304545454545454, ""14"": 0.9327272727272727, ""16"": 0.93, ""18"": 0.9313636363636364}","{""-20"": 0.13636363636363585, ""-18"": -0.1818181818181816, ""-16"": 0.04545454545454436, ""-14"": -0.2727272727272717, ""-12"": 0.13636363636363724, ""-10"": 0.363636363636366, ""-8"": -0.3636363636363604, ""-6"": 0.0, ""-4"": -0.4545454545454519, ""-2"": -0.04545454545454852, ""0"": 0.09090909090908594, ""2"": 0.27272727272726893, ""4"": 0.0, ""6"": -0.09090909090908594, ""8"": 0.0, ""10"": 0.0, ""12"": 0.27272727272726893, ""14"": -0.09090909090908594, ""16"": -0.04545454545453742, ""18"": 0.7727272727272805}"
runs/iqformer_s1,HEAD=W4A4,0.6249772727272728,0.6383762891108381,-0.9409090909090811,5458,1343,929,3.676662640739561e-18,1.414008,"{""-20"": 0.09409090909090909, ""-18"": 0.10227272727272728, ""-16"": 0.10681818181818181, ""-14"": 0.14363636363636365, ""-12"": 0.19090909090909092, ""-10"": 0.25727272727272726, ""-8"": 0.3809090909090909, ""-6"": 0.5686363636363636, ""-4"": 0.7181818181818181, ""-2"": 0.8277272727272728, ""0"": 0.8886363636363637, ""2"": 0.9086363636363637, ""4"": 0.9081818181818182, ""6"": 0.9159090909090909, ""8"": 0.9136363636363637, ""10"": 0.9122727272727272, ""12"": 0.9136363636363637, ""14"": 0.9168181818181819, ""16"": 0.9163636363636364, ""18"": 0.915}","{""-20"": -0.3636363636363646, ""-18"": -0.22727272727272596, ""-16"": 0.4545454545454533, ""-14"": -0.13636363636363447, ""-12"": 0.5454545454545462, ""-10"": 0.31818181818181746, ""-8"": 0.13636363636364002, ""-6"": -1.6818181818181843, ""-4"": -1.7272727272727328, ""-2"": -1.9090909090909047, ""0"": -1.6363636363636358, ""2"": -1.4545454545454528, ""4"": -1.5909090909090873, ""6"": -1.4545454545454528, ""8"": -1.1818181818181728, ""10"": -1.5454545454545499, ""12"": -1.4090909090909043, ""14"": -1.6818181818181732, ""16"": -1.4090909090909043, ""18"": -0.8636363636363553}"
runs/iqformer_s1,HEAD=W8A32,0.6344318181818182,0.6565519690681456,0.004545454545457073,48,14,16,0.8555355519056321,1.41436,"{""-20"": 0.09772727272727273, ""-18"": 0.10454545454545454, ""-16"": 0.10227272727272728, ""-14"": 0.1459090909090909, ""-12"": 0.18454545454545454, ""-10"": 0.2531818181818182, ""-8"": 0.38, ""-6"": 0.5859090909090909, ""-4"": 0.735, ""-2"": 0.8477272727272728, ""0"": 0.905, ""2"": 0.9231818181818182, ""4"": 0.9240909090909091, ""6"": 0.9304545454545454, ""8"": 0.9254545454545454, ""10"": 0.9277272727272727, ""12"": 0.9277272727272727, ""14"": 0.9340909090909091, ""16"": 0.93, ""18"": 0.9240909090909091}","{""-20"": 0.0, ""-18"": 0.0, ""-16"": 0.0, ""-14"": 0.0909090909090915, ""-12"": -0.0909090909090915, ""-10"": -0.0909090909090915, ""-8"": 0.04545454545454852, ""-6"": 0.04545454545454852, ""-4"": -0.04545454545454852, ""-2"": 0.09090909090909705, ""0"": 0.0, ""2"": 0.0, ""4"": 0.0, ""6"": 0.0, ""8"": 0.0, ""10"": 0.0, ""12"": 0.0, ""14"": 0.04545454545454852, ""16"": -0.04545454545453742, ""18"": 0.04545454545454852}"
runs/iqformer_s1,HEAD=W6A32,0.6347045454545455,0.6559096030394463,0.03181818181818841,342,127,141,0.4271902756046908,1.414184,"{""-20"": 0.09772727272727273, ""-18"": 0.10454545454545454, ""-16"": 0.10272727272727272, ""-14"": 0.14545454545454545, ""-12"": 0.1831818181818182, ""-10"": 0.25227272727272726, ""-8"": 0.3781818181818182, ""-6"": 0.5840909090909091, ""-4"": 0.7368181818181818, ""-2"": 0.8477272727272728, ""0"": 0.9072727272727272, ""2"": 0.9245454545454546, ""4"": 0.9231818181818182, ""6"": 0.9304545454545454, ""8"": 0.9254545454545454, ""10"": 0.9286363636363636, ""12"": 0.9286363636363636, ""14"": 0.9327272727272727, ""16"": 0.93, ""18"": 0.9304545454545454}","{""-20"": 0.0, ""-18"": 0.0, ""-16"": 0.04545454545454436, ""-14"": 0.04545454545454575, ""-12"": -0.22727272727272596, ""-10"": -0.181818181818183, ""-8"": -0.13636363636363447, ""-6"": -0.13636363636363447, ""-4"": 0.13636363636363447, ""-2"": 0.09090909090909705, ""0"": 0.2272727272727204, ""2"": 0.13636363636363447, ""4"": -0.09090909090908594, ""6"": 0.0, ""8"": 0.0, ""10"": 0.09090909090908594, ""12"": 0.09090909090908594, ""14"": -0.09090909090908594, ""16"": -0.04545454545453742, ""18"": 0.6818181818181834}"
runs/iqformer_s1,HEAD=W4A32,0.6347045454545455,0.6551591864174806,0.03181818181818841,795,259,273,0.5730529371128538,1.414008,"{""-20"": 0.09772727272727273, ""-18"": 0.10272727272727272, ""-16"": 0.10318181818181818, ""-14"": 0.14545454545454545, ""-12"": 0.185, ""-10"": 0.2540909090909091, ""-8"": 0.37863636363636366, ""-6"": 0.5890909090909091, ""-4"": 0.7331818181818182, ""-2"": 0.8490909090909091, ""0"": 0.9063636363636364, ""2"": 0.9245454545454546, ""4"": 0.9227272727272727, ""6"": 0.9295454545454546, ""8"": 0.925, ""10"": 0.9295454545454546, ""12"": 0.9286363636363636, ""14"": 0.9322727272727273, ""16"": 0.9286363636363636, ""18"": 0.9286363636363636}","{""-20"": 0.0, ""-18"": -0.1818181818181816, ""-16"": 0.0909090909090901, ""-14"": 0.04545454545454575, ""-12"": -0.04545454545454575, ""-10"": 0.0, ""-8"": -0.09090909090908594, ""-6"": 0.363636363636366, ""-4"": -0.2272727272727315, ""-2"": 0.2272727272727315, ""0"": 0.13636363636363447, ""2"": 0.13636363636363447, ""4"": -0.13636363636363447, ""6"": -0.09090909090908594, ""8"": -0.04545454545453742, ""10"": 0.181818181818183, ""12"": 0.09090909090908594, ""14"": -0.13636363636363447, ""16"": -0.181818181818183, ""18"": 0.5000000000000004}"
runs/iqformer_s1,HEAD=W3A32,0.6341363636363636,0.6515837540192391,-0.024999999999997247,1813,552,541,0.7623057510936707,1.41392,"{""-20"": 0.09681818181818182, ""-18"": 0.10227272727272728, ""-16"": 0.10636363636363637, ""-14"": 0.15136363636363637, ""-12"": 0.17863636363636365, ""-10"": 0.2586363636363636, ""-8"": 0.38545454545454544, ""-6"": 0.5827272727272728, ""-4"": 0.7322727272727273, ""-2"": 0.8422727272727273, ""0"": 0.905, ""2"": 0.9227272727272727, ""4"": 0.9240909090909091, ""6"": 0.9281818181818182, ""8"": 0.9240909090909091, ""10"": 0.9277272727272727, ""12"": 0.9263636363636364, ""14"": 0.9309090909090909, ""16"": 0.9277272727272727, ""18"": 0.9290909090909091}","{""-20"": -0.0909090909090915, ""-18"": -0.22727272727272596, ""-16"": 0.40909090909090895, ""-14"": 0.6363636363636377, ""-12"": -0.6818181818181807, ""-10"": 0.4545454545454519, ""-8"": 0.5909090909090919, ""-6"": -0.27272727272726893, ""-4"": -0.31818181818181746, ""-2"": -0.4545454545454519, ""0"": 0.0, ""2"": -0.04545454545454852, ""4"": 0.0, ""6"": -0.2272727272727204, ""8"": -0.13636363636363447, ""10"": 0.0, ""12"": -0.13636363636363447, ""14"": -0.27272727272726893, ""16"": -0.27272727272726893, ""18"": 0.545454545454549}"
runs/iqformer_s1,HEAD=W32A8,0.6347272727272727,0.6569945776601249,0.03409090909091139,293,72,87,0.26682526360032177,1.416428,"{""-20"": 0.09727272727272727, ""-18"": 0.10363636363636364, ""-16"": 0.10318181818181818, ""-14"": 0.14454545454545453, ""-12"": 0.185, ""-10"": 0.2540909090909091, ""-8"": 0.3809090909090909, ""-6"": 0.5822727272727273, ""-4"": 0.7368181818181818, ""-2"": 0.8468181818181818, ""0"": 0.905, ""2"": 0.9231818181818182, ""4"": 0.925, ""6"": 0.9309090909090909, ""8"": 0.9259090909090909, ""10"": 0.9272727272727272, ""12"": 0.9304545454545454, ""14"": 0.9359090909090909, ""16"": 0.9331818181818182, ""18"": 0.9231818181818182}","{""-20"": -0.04545454545454575, ""-18"": -0.0909090909090901, ""-16"": 0.0909090909090901, ""-14"": -0.04545454545454575, ""-12"": -0.04545454545454575, ""-10"": 0.0, ""-8"": 0.13636363636364002, ""-6"": -0.31818181818181746, ""-4"": 0.13636363636363447, ""-2"": 0.0, ""0"": 0.0, ""2"": 0.0, ""4"": 0.09090909090909705, ""6"": 0.04545454545454852, ""8"": 0.04545454545454852, ""10"": -0.04545454545454852, ""12"": 0.27272727272726893, ""14"": 0.2272727272727315, ""16"": 0.27272727272728003, ""18"": -0.04545454545453742}"
runs/iqformer_s1,HEAD=W32A6,0.6344772727272727,0.65662065225782,0.009090909090914145,1140,309,313,0.9042667956391078,1.416428,"{""-20"": 0.09863636363636363, ""-18"": 0.10272727272727272, ""-16"": 0.1040909090909091, ""-14"": 0.14272727272727273, ""-12"": 0.18772727272727271, ""-10"": 0.2586363636363636, ""-8"": 0.37136363636363634, ""-6"": 0.585, ""-4"": 0.7304545454545455, ""-2"": 0.8440909090909091, ""0"": 0.905, ""2"": 0.925, ""4"": 0.9245454545454546, ""6"": 0.93, ""8"": 0.9254545454545454, ""10"": 0.9281818181818182, ""12"": 0.9322727272727273, ""14"": 0.9372727272727273, ""16"": 0.9263636363636364, ""18"": 0.93}","{""-20"": 0.0909090909090901, ""-18"": -0.1818181818181816, ""-16"": 0.1818181818181816, ""-14"": -0.22727272727272596, ""-12"": 0.22727272727272596, ""-10"": 0.4545454545454519, ""-8"": -0.8181818181818179, ""-6"": -0.04545454545454852, ""-4"": -0.5000000000000004, ""-2"": -0.27272727272726893, ""0"": 0.0, ""2"": 0.181818181818183, ""4"": 0.04545454545454852, ""6"": -0.04545454545453742, ""8"": 0.0, ""10"": 0.04545454545454852, ""12"": 0.4545454545454519, ""14"": 0.363636363636366, ""16"": -0.4090909090909034, ""18"": 0.636363636363646}"
runs/iqformer_s1,HEAD=W32A4,0.6248636363636364,0.6395137494786542,-0.9522727272727183,5411,1355,936,2.0015070080211763e-18,1.416428,"{""-20"": 0.095, ""-18"": 0.1040909090909091, ""-16"": 0.10454545454545454, ""-14"": 0.1409090909090909, ""-12"": 0.18727272727272729, ""-10"": 0.25681818181818183, ""-8"": 0.3795454545454545, ""-6"": 0.5659090909090909, ""-4"": 0.7195454545454546, ""-2"": 0.83, ""0"": 0.8904545454545455, ""2"": 0.9090909090909091, ""4"": 0.9090909090909091, ""6"": 0.9154545454545454, ""8"": 0.9113636363636364, ""10"": 0.9109090909090909, ""12"": 0.9172727272727272, ""14"": 0.9163636363636364, ""16"": 0.9204545454545454, ""18"": 0.9131818181818182}","{""-20"": -0.2727272727272731, ""-18"": -0.04545454545454436, ""-16"": 0.22727272727272596, ""-14"": -0.40909090909090895, ""-12"": 0.181818181818183, ""-10"": 0.2727272727272745, ""-8"": 0.0, ""-6"": -1.9545454545454533, ""-4"": -1.5909090909090873, ""-2"": -1.6818181818181843, ""0"": -1.4545454545454528, ""2"": -1.4090909090909154, ""4"": -1.5000000000000013, ""6"": -1.5000000000000013, ""8"": -1.4090909090909043, ""10"": -1.6818181818181843, ""12"": -1.0454545454545494, ""14"": -1.7272727272727217, ""16"": -1.0000000000000009, ""18"": -1.0454545454545383}"
runs/iqformer_s2,FP32,0.6390454545454546,0.6616862429063095,0.0,0,0,0,1.0,1.420196,"{""-20"": 0.095, ""-18"": 0.09727272727272727, ""-16"": 0.10363636363636364, ""-14"": 0.13727272727272727, ""-12"": 0.19, ""-10"": 0.26045454545454544, ""-8"": 0.4059090909090909, ""-6"": 0.5945454545454546, ""-4"": 0.740909090909091, ""-2"": 0.8581818181818182, ""0"": 0.9086363636363637, ""2"": 0.9277272727272727, ""4"": 0.9272727272727272, ""6"": 0.9331818181818182, ""8"": 0.9309090909090909, ""10"": 0.9313636363636364, ""12"": 0.9340909090909091, ""14"": 0.9354545454545454, ""16"": 0.9318181818181818, ""18"": 0.9372727272727273}",
runs/iqformer_s2,CONV=W8A8,0.6392272727272728,0.6617857425073489,0.01818181818181719,354,81,89,0.591484588889974,0.657652,"{""-20"": 0.09636363636363636, ""-18"": 0.09863636363636363, ""-16"": 0.1040909090909091, ""-14"": 0.1390909090909091, ""-12"": 0.18863636363636363, ""-10"": 0.26227272727272727, ""-8"": 0.4031818181818182, ""-6"": 0.5963636363636363, ""-4"": 0.7422727272727273, ""-2"": 0.8586363636363636, ""0"": 0.9059090909090909, ""2"": 0.9272727272727272, ""4"": 0.9268181818181818, ""6"": 0.9327272727272727, ""8"": 0.9309090909090909, ""10"": 0.9313636363636364, ""12"": 0.9345454545454546, ""14"": 0.9359090909090909, ""16"": 0.9318181818181818, ""18"": 0.9377272727272727}","{""-20"": 0.13636363636363585, ""-18"": 0.13636363636363585, ""-16"": 0.04545454545454575, ""-14"": 0.181818181818183, ""-12"": -0.13636363636363724, ""-10"": 0.181818181818183, ""-8"": -0.27272727272726893, ""-6"": 0.1818181818181719, ""-4"": 0.13636363636363447, ""-2"": 0.04545454545454852, ""0"": -0.27272727272728003, ""2"": -0.04545454545454852, ""4"": -0.04545454545454852, ""6"": -0.04545454545454852, ""8"": 0.0, ""10"": 0.0, ""12"": 0.04545454545454852, ""14"": 0.04545454545454852, ""16"": 0.0, ""18"": 0.04545454545454852}"
runs/iqformer_s2,CONV=W6A6,0.6373636363636364,0.6602266593625414,-0.16818181818182287,1434,420,346,0.00830745108823408,0.59337,"{""-20"": 0.09863636363636363, ""-18"": 0.09727272727272727, ""-16"": 0.10318181818181818, ""-14"": 0.14045454545454544, ""-12"": 0.1859090909090909, ""-10"": 0.26954545454545453, ""-8"": 0.4027272727272727, ""-6"": 0.5763636363636364, ""-4"": 0.7268181818181818, ""-2"": 0.8522727272727273, ""0"": 0.9095454545454545, ""2"": 0.9295454545454546, ""4"": 0.9268181818181818, ""6"": 0.9336363636363636, ""8"": 0.9304545454545454, ""10"": 0.9318181818181818, ""12"": 0.9322727272727273, ""14"": 0.9345454545454546, ""16"": 0.9327272727272727, ""18"": 0.9327272727272727}","{""-20"": 0.3636363636363632, ""-18"": 0.0, ""-16"": -0.04545454545454575, ""-14"": 0.31818181818181746, ""-12"": -0.40909090909090895, ""-10"": 0.9090909090909094, ""-8"": -0.31818181818181746, ""-6"": -1.8181818181818188, ""-4"": -1.4090909090909154, ""-2"": -0.5909090909090864, ""0"": 0.09090909090908594, ""2"": 0.181818181818183, ""4"": -0.04545454545454852, ""6"": 0.04545454545453742, ""8"": -0.04545454545454852, ""10"": 0.04545454545453742, ""12"": -0.181818181818183, ""14"": -0.09090909090908594, ""16"": 0.09090909090909705, ""18"": -0.4545454545454519}"
runs/iqformer_s2,CONV=W4A4,0.41120454545454543,0.42219283588122103,-22.784090909090914,20970,11556,1531,0.0,0.529088,"{""-20"": 0.10545454545454545, ""-18"": 0.11727272727272728, ""-16"": 0.12318181818181818, ""-14"": 0.1340909090909091, ""-12"": 0.14863636363636365, ""-10"": 0.18227272727272728, ""-8"": 0.23, ""-6"": 0.3409090909090909, ""-4"": 0.4527272727272727, ""-2"": 0.5577272727272727, ""0"": 0.6209090909090909, ""2"": 0.6495454545454545, ""4"": 0.6322727272727273, ""6"": 0.6118181818181818, ""8"": 0.5772727272727273, ""10"": 0.5736363636363636, ""12"": 0.5422727272727272, ""14"": 0.5331818181818182, ""16"": 0.5436363636363636, ""18"": 0.5472727272727272}","{""-20"": 1.0454545454545452, ""-18"": 2.0000000000000004, ""-16"": 1.9545454545454546, ""-14"": -0.31818181818181746, ""-12"": -4.136363636363635, ""-10"": -7.818181818181816, ""-8"": -17.590909090909086, ""-6"": -25.36363636363637, ""-4"": -28.818181818181827, ""-2"": -30.045454545454543, ""0"": -28.772727272727284, ""2"": -27.81818181818182, ""4"": -29.499999999999993, ""6"": -32.13636363636364, ""8"": -35.36363636363637, ""10"": -35.77272727272728, ""12"": -39.18181818181819, ""14"": -40.22727272727272, ""16"": -38.81818181818182, ""18"": -39.0}"
runs/iqformer_s2,CONV=W8A32,0.6387727272727273,0.6613221060207036,-0.027272727272731334,114,34,22,0.1408954235984807,0.657652,"{""-20"": 0.09636363636363636, ""-18"": 0.09727272727272727, ""-16"": 0.10318181818181818, ""-14"": 0.1368181818181818, ""-12"": 0.18954545454545454, ""-10"": 0.26045454545454544, ""-8"": 0.40545454545454546, ""-6"": 0.5931818181818181, ""-4"": 0.7390909090909091, ""-2"": 0.8581818181818182, ""0"": 0.9090909090909091, ""2"": 0.9263636363636364, ""4"": 0.9268181818181818, ""6"": 0.9327272727272727, ""8"": 0.9309090909090909, ""10"": 0.9313636363636364, ""12"": 0.9345454545454546, ""14"": 0.9354545454545454, ""16"": 0.9318181818181818, ""18"": 0.9368181818181818}","{""-20"": 0.13636363636363585, ""-18"": 0.0, ""-16"": -0.04545454545454575, ""-14"": -0.04545454545454575, ""-12"": -0.04545454545454575, ""-10"": 0.0, ""-8"": -0.04545454545454297, ""-6"": -0.13636363636364557, ""-4"": -0.181818181818183, ""-2"": 0.0, ""0"": 0.04545454545453742, ""2"": -0.13636363636363447, ""4"": -0.04545454545454852, ""6"": -0.04545454545454852, ""8"": 0.0, ""10"": 0.0, ""12"": 0.04545454545454852, ""14"": 0.0, ""16"": 0.0, ""18"": -0.04545454545454852}"
runs/iqformer_s2,CONV=W6A32,0.63875,0.6615110932826895,-0.02954545454545432,370,95,82,0.36711384479802556,0.59337,"{""-20"": 0.095, ""-18"": 0.09636363636363636, ""-16"": 0.10363636363636364, ""-14"": 0.13545454545454547, ""-12"": 0.18818181818181817, ""-10"": 0.2586363636363636, ""-8"": 0.4031818181818182, ""-6"": 0.5931818181818181, ""-4"": 0.7386363636363636, ""-2"": 0.8586363636363636, ""0"": 0.9109090909090909, ""2"": 0.9286363636363636, ""4"": 0.9295454545454546, ""6"": 0.9331818181818182, ""8"": 0.9313636363636364, ""10"": 0.9313636363636364, ""12"": 0.935, ""14"": 0.9359090909090909, ""16"": 0.9322727272727273, ""18"": 0.9359090909090909}","{""-20"": 0.0, ""-18"": -0.0909090909090915, ""-16"": 0.0, ""-14"": -0.1818181818181802, ""-12"": -0.181818181818183, ""-10"": -0.181818181818183, ""-8"": -0.27272727272726893, ""-6"": -0.13636363636364557, ""-4"": -0.2272727272727315, ""-2"": 0.04545454545454852, ""0"": 0.2272727272727204, ""2"": 0.09090909090908594, ""4"": 0.2272727272727315, ""6"": 0.0, ""8"": 0.04545454545454852, ""10"": 0.0, ""12"": 0.09090909090909705, ""14"": 0.04545454545454852, ""16"": 0.04545454545454852, ""18"": -0.13636363636363447}"
runs/iqformer_s2,CONV=W4A32,0.6374772727272727,0.6590547262941338,-0.15681818181818574,1681,428,359,0.015300262391661481,0.529088,"{""-20"": 0.095, ""-18"": 0.09545454545454546, ""-16"": 0.10227272727272728, ""-14"": 0.13318181818181818, ""-12"": 0.17045454545454544, ""-10"": 0.25272727272727274, ""-8"": 0.41954545454545455, ""-6"": 0.5972727272727273, ""-4"": 0.74, ""-2"": 0.8531818181818182, ""0"": 0.9095454545454545, ""2"": 0.93, ""4"": 0.925, ""6"": 0.9318181818181818, ""8"": 0.9309090909090909, ""10"": 0.9295454545454546, ""12"": 0.9336363636363636, ""14"": 0.9327272727272727, ""16"": 0.9304545454545454, ""18"": 0.9368181818181818}","{""-20"": 0.0, ""-18"": -0.1818181818181816, ""-16"": -0.13636363636363585, ""-14"": -0.40909090909090895, ""-12"": -1.954545454545456, ""-10"": -0.7727272727272694, ""-8"": 1.3636363636363669, ""-6"": 0.27272727272726893, ""-4"": -0.09090909090909705, ""-2"": -0.5000000000000004, ""0"": 0.09090909090908594, ""2"": 0.2272727272727315, ""4"": -0.2272727272727204, ""6"": -0.13636363636364557, ""8"": 0.0, ""10"": -0.181818181818183, ""12"": -0.04545454545454852, ""14"": -0.27272727272726893, ""16"": -0.13636363636363447, ""18"": -0.04545454545454852}"
runs/iqformer_s2,CONV=W3A32,0.6188636363636364,0.6337382377260478,-2.018181818181819,5867,1981,1093,2.0929817895169793e-58,0.496947,"{""-20"": 0.1009090909090909, ""-18"": 0.1, ""-16"": 0.12, ""-14"": 0.16, ""-12"": 0.20545454545454545, ""-10"": 0.2822727272727273, ""-8"": 0.3990909090909091, ""-6"": 0.5268181818181819, ""-4"": 0.665, ""-2"": 0.7713636363636364, ""0"": 0.8581818181818182, ""2"": 0.9045454545454545, ""4"": 0.9018181818181819, ""6"": 0.9104545454545454, ""8"": 0.9054545454545454, ""10"": 0.9086363636363637, ""12"": 0.9068181818181819, ""14"": 0.9172727272727272, ""16"": 0.915, ""18"": 0.9181818181818182}","{""-20"": 0.5909090909090906, ""-18"": 0.2727272727272731, ""-16"": 1.6363636363636358, ""-14"": 2.2727272727272734, ""-12"": 1.5454545454545443, ""-10"": 2.1818181818181848, ""-8"": -0.6818181818181779, ""-6"": -6.772727272727275, ""-4"": -7.590909090909093, ""-2"": -8.68181818181818, ""0"": -5.045454545454553, ""2"": -2.3181818181818192, ""4"": -2.5454545454545396, ""6"": -2.272727272727282, ""8"": -2.5454545454545507, ""10"": -2.2727272727272707, ""12"": -2.7272727272727226, ""14"": -1.8181818181818188, ""16"": -1.6818181818181732, ""18"": -1.9090909090909047}"
runs/iqformer_s2,CONV=W32A8,0.6392727272727273,0.6618584464514184,0.02272727272727426,346,77,87,0.4823062881447225,1.416428,"{""-20"": 0.09636363636363636, ""-18"": 0.09818181818181818, ""-16"": 0.1040909090909091, ""-14"": 0.13954545454545456, ""-12"": 0.18954545454545454, ""-10"": 0.26136363636363635, ""-8"": 0.4022727272727273, ""-6"": 0.5968181818181818, ""-4"": 0.740909090909091, ""-2"": 0.8577272727272728, ""0"": 0.9095454545454545, ""2"": 0.9277272727272727, ""4"": 0.9272727272727272, ""6"": 0.9327272727272727, ""8"": 0.9309090909090909, ""10"": 0.9313636363636364, ""12"": 0.9340909090909091, ""14"": 0.9359090909090909, ""16"": 0.9318181818181818, ""18"": 0.9372727272727273}","{""-20"": 0.13636363636363585, ""-18"": 0.0909090909090901, ""-16"": 0.04545454545454575, ""-14"": 0.22727272727272874, ""-12"": -0.04545454545454575, ""-10"": 0.0909090909090915, ""-8"": -0.3636363636363604, ""-6"": 0.2272727272727204, ""-4"": 0.0, ""-2"": -0.04545454545453742, ""0"": 0.09090909090908594, ""2"": 0.0, ""4"": 0.0, ""6"": -0.04545454545454852, ""8"": 0.0, ""10"": 0.0, ""12"": 0.0, ""14"": 0.04545454545454852, ""16"": 0.0, ""18"": 0.0}"
runs/iqformer_s2,CONV=W32A6,0.6370454545454546,0.6596688461772788,-0.20000000000000018,1353,395,307,0.0010110364191495398,1.416428,"{""-20"": 0.09954545454545455, ""-18"": 0.09863636363636363, ""-16"": 0.10318181818181818, ""-14"": 0.1390909090909091, ""-12"": 0.19045454545454546, ""-10"": 0.265, ""-8"": 0.4018181818181818, ""-6"": 0.5772727272727273, ""-4"": 0.7277272727272728, ""-2"": 0.85, ""0"": 0.9045454545454545, ""2"": 0.9295454545454546, ""4"": 0.9268181818181818, ""6"": 0.9331818181818182, ""8"": 0.9304545454545454, ""10"": 0.9309090909090909, ""12"": 0.9322727272727273, ""14"": 0.935, ""16"": 0.9318181818181818, ""18"": 0.9336363636363636}","{""-20"": 0.4545454545454547, ""-18"": 0.13636363636363585, ""-16"": -0.04545454545454575, ""-14"": 0.181818181818183, ""-12"": 0.04545454545454575, ""-10"": 0.4545454545454575, ""-8"": -0.40909090909090895, ""-6"": -1.7272727272727328, ""-4"": -1.3181818181818183, ""-2"": -0.8181818181818179, ""0"": -0.4090909090909145, ""2"": 0.181818181818183, ""4"": -0.04545454545454852, ""6"": 0.0, ""8"": -0.04545454545454852, ""10"": -0.04545454545454852, ""12"": -0.181818181818183, ""14"": -0.04545454545453742, ""16"": 0.0, ""18"": -0.363636363636366}"
runs/iqformer_s2,CONV=W32A4,0.3547954545454545,0.36971451380666215,-28.425000000000004,26340,14330,1823,0.0,1.416428,"{""-20"": 0.10454545454545454, ""-18"": 0.10863636363636364, ""-16"": 0.11090909090909092, ""-14"": 0.11181818181818182, ""-12"": 0.13863636363636364, ""-10"": 0.15818181818181817, ""-8"": 0.20954545454545453, ""-6"": 0.29409090909090907, ""-4"": 0.4172727272727273, ""-2"": 0.49818181818181817, ""0"": 0.5368181818181819, ""2"": 0.5413636363636364, ""4"": 0.5072727272727273, ""6"": 0.49227272727272725, ""8"": 0.47954545454545455, ""10"": 0.4763636363636364, ""12"": 0.4722727272727273, ""14"": 0.4909090909090909, ""16"": 0.4727272727272727, ""18"": 0.47454545454545455}","{""-20"": 0.9545454545454537, ""-18"": 1.1363636363636367, ""-16"": 0.7272727272727277, ""-14"": -2.545454545454545, ""-12"": -5.136363636363636, ""-10"": -10.227272727272727, ""-8"": -19.636363636363637, ""-6"": -30.045454545454554, ""-4"": -32.36363636363637, ""-2"": -36.0, ""0"": -37.18181818181818, ""2"": -38.63636363636363, ""4"": -41.99999999999999, ""6"": -44.0909090909091, ""8"": -45.13636363636363, ""10"": -45.5, ""12"": -46.18181818181818, ""14"": -44.45454545454545, ""16"": -45.90909090909091, ""18"": -46.27272727272727}"
runs/iqformer_s2,ATTN=W8A8,0.6388181818181818,0.6613907431045185,-0.02272727272727426,86,26,16,0.16414940178310644,1.272044,"{""-20"": 0.09545454545454546, ""-18"": 0.09681818181818182, ""-16"": 0.10363636363636364, ""-14"": 0.13772727272727273, ""-12"": 0.18954545454545454, ""-10"": 0.2595454545454545, ""-8"": 0.405, ""-6"": 0.5936363636363636, ""-4"": 0.74, ""-2"": 0.8577272727272728, ""0"": 0.9095454545454545, ""2"": 0.9277272727272727, ""4"": 0.9268181818181818, ""6"": 0.9327272727272727, ""8"": 0.9309090909090909, ""10"": 0.9313636363636364, ""12"": 0.9340909090909091, ""14"": 0.935, ""16"": 0.9318181818181818, ""18"": 0.9372727272727273}","{""-20"": 0.04545454545454575, ""-18"": -0.04545454545454575, ""-16"": 0.0, ""-14"": 0.04545454545454575, ""-12"": -0.04545454545454575, ""-10"": -0.0909090909090915, ""-8"": -0.09090909090908594, ""-6"": -0.09090909090909705, ""-4"": -0.09090909090909705, ""-2"": -0.04545454545453742, ""0"": 0.09090909090908594, ""2"": 0.0, ""4"": -0.04545454545454852, ""6"": -0.04545454545454852, ""8"": 0.0, ""10"": 0.0, ""12"": 0.0, ""14"": -0.04545454545453742, ""16"": 0.0, ""18"": 0.0}"
runs/iqformer_s2,ATTN=W6A6,0.6388636363636364,0.6608749161162101,-0.01818181818181719,429,102,94,0.6171884623458013,1.259756,"{""-20"": 0.09636363636363636, ""-18"": 0.09636363636363636, ""-16"": 0.10318181818181818, ""-14"": 0.1390909090909091, ""-12"": 0.18863636363636363, ""-10"": 0.2609090909090909, ""-8"": 0.4081818181818182, ""-6"": 0.5940909090909091, ""-4"": 0.7386363636363636, ""-2"": 0.855909090909091, ""0"": 0.9086363636363637, ""2"": 0.9277272727272727, ""4"": 0.9259090909090909, ""6"": 0.9327272727272727, ""8"": 0.9318181818181818, ""10"": 0.9313636363636364, ""12"": 0.9340909090909091, ""14"": 0.935, ""16"": 0.9313636363636364, ""18"": 0.9372727272727273}","{""-20"": 0.13636363636363585, ""-18"": -0.0909090909090915, ""-16"": -0.04545454545454575, ""-14"": 0.181818181818183, ""-12"": -0.13636363636363724, ""-10"": 0.04545454545454852, ""-8"": 0.2272727272727315, ""-6"": -0.04545454545454852, ""-4"": -0.2272727272727315, ""-2"": -0.2272727272727204, ""0"": 0.0, ""2"": 0.0, ""4"": -0.13636363636363447, ""6"": -0.04545454545454852, ""8"": 0.09090909090908594, ""10"": 0.0, ""12"": 0.0, ""14"": -0.04545454545453742, ""16"": -0.04545454545453742, ""18"": 0.0}"
runs/iqformer_s2,ATTN=W4A4,0.6282727272727273,0.6472140098572343,-1.0772727272727267,3836,1208,734,3.959270367769853e-27,1.247468,"{""-20"": 0.09909090909090909, ""-18"": 0.09636363636363636, ""-16"": 0.11454545454545455, ""-14"": 0.16, ""-12"": 0.1990909090909091, ""-10"": 0.265, ""-8"": 0.4018181818181818, ""-6"": 0.5577272727272727, ""-4"": 0.7018181818181818, ""-2"": 0.8295454545454546, ""0"": 0.8922727272727272, ""2"": 0.9177272727272727, ""4"": 0.9122727272727272, ""6"": 0.9104545454545454, ""8"": 0.9109090909090909, ""10"": 0.915, ""12"": 0.9154545454545454, ""14"": 0.9213636363636364, ""16"": 0.9263636363636364, ""18"": 0.9186363636363636}","{""-20"": 0.40909090909090895, ""-18"": -0.0909090909090915, ""-16"": 1.090909090909091, ""-14"": 2.2727272727272734, ""-12"": 0.9090909090909094, ""-10"": 0.4545454545454575, ""-8"": -0.40909090909090895, ""-6"": -3.681818181818186, ""-4"": -3.9090909090909176, ""-2"": -2.863636363636357, ""0"": -1.636363636363647, ""2"": -1.0000000000000009, ""4"": -1.5000000000000013, ""6"": -2.272727272727282, ""8"": -2.0000000000000018, ""10"": -1.6363636363636358, ""12"": -1.8636363636363673, ""14"": -1.4090909090909043, ""16"": -0.5454545454545379, ""18"": -1.8636363636363673}"
runs/iqformer_s2,ATTN=W8A32,0.639,0.6616329973944496,-0.004545454545457073,28,8,6,0.79052734375,1.272044,"{""-20"": 0.095, ""-18"": 0.09681818181818182, ""-16"": 0.10363636363636364, ""-14"": 0.13727272727272727, ""-12"": 0.19, ""-10"": 0.26045454545454544, ""-8"": 0.40636363636363637, ""-6"": 0.5931818181818181, ""-4"": 0.74, ""-2"": 0.8586363636363636, ""0"": 0.9090909090909091, ""2"": 0.9272727272727272, ""4"": 0.9281818181818182, ""6"": 0.9331818181818182, ""8"": 0.9309090909090909, ""10"": 0.9313636363636364, ""12"": 0.9340909090909091, ""14"": 0.9354545454545454, ""16"": 0.9318181818181818, ""18"": 0.9372727272727273}","{""-20"": 0.0, ""-18"": -0.04545454545454575, ""-16"": 0.0, ""-14"": 0.0, ""-12"": 0.0, ""-10"": 0.0, ""-8"": 0.04545454545454852, ""-6"": -0.13636363636364557, ""-4"": -0.09090909090909705, ""-2"": 0.04545454545454852, ""0"": 0.04545454545453742, ""2"": -0.04545454545454852, ""4"": 0.09090909090909705, ""6"": 0.0, ""8"": 0.0, ""10"": 0.0, ""12"": 0.0, ""14"": 0.0, ""16"": 0.0, ""18"": 0.0}"
runs/iqformer_s2,ATTN=W6A32,0.6389090909090909,0.661244051677536,-0.013636363636371218,141,36,30,0.5385827752459466,1.259756,"{""-20"": 0.09545454545454546, ""-18"": 0.09681818181818182, ""-16"": 0.10363636363636364, ""-14"": 0.13863636363636364, ""-12"": 0.18954545454545454, ""-10"": 0.2595454545454545, ""-8"": 0.4059090909090909, ""-6"": 0.5927272727272728, ""-4"": 0.7386363636363636, ""-2"": 0.8581818181818182, ""0"": 0.91, ""2"": 0.9277272727272727, ""4"": 0.9277272727272727, ""6"": 0.9327272727272727, ""8"": 0.9309090909090909, ""10"": 0.9313636363636364, ""12"": 0.9340909090909091, ""14"": 0.935, ""16"": 0.9318181818181818, ""18"": 0.9377272727272727}","{""-20"": 0.04545454545454575, ""-18"": -0.04545454545454575, ""-16"": 0.0, ""-14"": 0.13636363636363724, ""-12"": -0.04545454545454575, ""-10"": -0.0909090909090915, ""-8"": 0.0, ""-6"": -0.181818181818183, ""-4"": -0.2272727272727315, ""-2"": 0.0, ""0"": 0.13636363636363447, ""2"": 0.0, ""4"": 0.04545454545454852, ""6"": -0.04545454545454852, ""8"": 0.0, ""10"": 0.0, ""12"": 0.0, ""14"": -0.04545454545453742, ""16"": 0.0, ""18"": 0.04545454545454852}"
runs/iqformer_s2,ATTN=W4A32,0.6396136363636363,0.6619120315411003,0.05681818181817455,614,129,154,0.1535550400896381,1.247468,"{""-20"": 0.09727272727272727, ""-18"": 0.09909090909090909, ""-16"": 0.1040909090909091, ""-14"": 0.14136363636363636, ""-12"": 0.18818181818181817, ""-10"": 0.26545454545454544, ""-8"": 0.4036363636363636, ""-6"": 0.5913636363636363, ""-4"": 0.7427272727272727, ""-2"": 0.86, ""0"": 0.9077272727272727, ""2"": 0.9309090909090909, ""4"": 0.9263636363636364, ""6"": 0.9318181818181818, ""8"": 0.9318181818181818, ""10"": 0.9322727272727273, ""12"": 0.9331818181818182, ""14"": 0.9354545454545454, ""16"": 0.9318181818181818, ""18"": 0.9377272727272727}","{""-20"": 0.22727272727272735, ""-18"": 0.1818181818181816, ""-16"": 0.04545454545454575, ""-14"": 0.40909090909090895, ""-12"": -0.181818181818183, ""-10"": 0.5000000000000004, ""-8"": -0.22727272727272596, ""-6"": -0.31818181818182856, ""-4"": 0.1818181818181719, ""-2"": 0.181818181818183, ""0"": -0.09090909090909705, ""2"": 0.31818181818181746, ""4"": -0.09090909090908594, ""6"": -0.13636363636364557, ""8"": 0.09090909090908594, ""10"": 0.09090909090908594, ""12"": -0.09090909090908594, ""14"": 0.0, ""16"": 0.0, ""18"": 0.04545454545454852}"
runs/iqformer_s2,ATTN=W3A32,0.6355909090909091,0.6554757193228835,-0.3454545454545488,2011,532,380,5.409575878488232e-07,1.241324,"{""-20"": 0.09863636363636363, ""-18"": 0.1, ""-16"": 0.10818181818181818, ""-14"": 0.155, ""-12"": 0.20136363636363636, ""-10"": 0.27, ""-8"": 0.4059090909090909, ""-6"": 0.5631818181818182, ""-4"": 0.7145454545454546, ""-2"": 0.8418181818181818, ""0"": 0.9031818181818182, ""2"": 0.925, ""4"": 0.9204545454545454, ""6"": 0.9281818181818182, ""8"": 0.9286363636363636, ""10"": 0.9281818181818182, ""12"": 0.9286363636363636, ""14"": 0.9295454545454546, ""16"": 0.9313636363636364, ""18"": 0.93}","{""-20"": 0.3636363636363632, ""-18"": 0.2727272727272731, ""-16"": 0.4545454545454547, ""-14"": 1.772727272727273, ""-12"": 1.1363636363636354, ""-10"": 0.9545454545454579, ""-8"": 0.0, ""-6"": -3.136363636363637, ""-4"": -2.6363636363636367, ""-2"": -1.6363636363636358, ""0"": -0.545454545454549, ""2"": -0.27272727272726893, ""4"": -0.6818181818181834, ""6"": -0.5000000000000004, ""8"": -0.2272727272727315, ""10"": -0.31818181818181746, ""12"": -0.545454545454549, ""14"": -0.5909090909090864, ""16"": -0.04545454545453742, ""18"": -0.7272727272727209}"
runs/iqformer_s2,ATTN=W32A8,0.639,0.6616071673268293,-0.004545454545457073,82,17,15,0.860050065908581,1.416428,"{""-20"": 0.09545454545454546, ""-18"": 0.09681818181818182, ""-16"": 0.10363636363636364, ""-14"": 0.13818181818181818, ""-12"": 0.18954545454545454, ""-10"": 0.2595454545454545, ""-8"": 0.4072727272727273, ""-6"": 0.5940909090909091, ""-4"": 0.74, ""-2"": 0.8581818181818182, ""0"": 0.9086363636363637, ""2"": 0.9277272727272727, ""4"": 0.9268181818181818, ""6"": 0.9331818181818182, ""8"": 0.9309090909090909, ""10"": 0.9313636363636364, ""12"": 0.9340909090909091, ""14"": 0.9354545454545454, ""16"": 0.9318181818181818, ""18"": 0.9372727272727273}","{""-20"": 0.04545454545454575, ""-18"": -0.04545454545454575, ""-16"": 0.0, ""-14"": 0.0909090909090915, ""-12"": -0.04545454545454575, ""-10"": -0.0909090909090915, ""-8"": 0.13636363636364002, ""-6"": -0.04545454545454852, ""-4"": -0.09090909090909705, ""-2"": 0.0, ""0"": 0.0, ""2"": 0.0, ""4"": -0.04545454545454852, ""6"": 0.0, ""8"": 0.0, ""10"": 0.0, ""12"": 0.0, ""14"": 0.0, ""16"": 0.0, ""18"": 0.0}"
runs/iqformer_s2,ATTN=W32A6,0.6385454545454545,0.6607940291343674,-0.050000000000005596,382,101,79,0.11727865310746043,1.416428,"{""-20"": 0.095, ""-18"": 0.095, ""-16"": 0.10318181818181818, ""-14"": 0.1359090909090909, ""-12"": 0.18863636363636363, ""-10"": 0.2590909090909091, ""-8"": 0.41, ""-6"": 0.5940909090909091, ""-4"": 0.7377272727272727, ""-2"": 0.8563636363636363, ""0"": 0.9081818181818182, ""2"": 0.9272727272727272, ""4"": 0.9259090909090909, ""6"": 0.9327272727272727, ""8"": 0.9318181818181818, ""10"": 0.9313636363636364, ""12"": 0.9340909090909091, ""14"": 0.9354545454545454, ""16"": 0.9327272727272727, ""18"": 0.9363636363636364}","{""-20"": 0.0, ""-18"": -0.22727272727272735, ""-16"": -0.04545454545454575, ""-14"": -0.13636363636363724, ""-12"": -0.13636363636363724, ""-10"": -0.13636363636363447, ""-8"": 0.40909090909090895, ""-6"": -0.04545454545454852, ""-4"": -0.31818181818182856, ""-2"": -0.181818181818183, ""0"": -0.04545454545454852, ""2"": -0.04545454545454852, ""4"": -0.13636363636363447, ""6"": -0.04545454545454852, ""8"": 0.09090909090908594, ""10"": 0.0, ""12"": 0.0, ""14"": 0.0, ""16"": 0.09090909090909705, ""18"": -0.09090909090908594}"
runs/iqformer_s2,ATTN=W32A4,0.6281136363636364,0.647418204583033,-1.093181818181821,3701,1199,718,3.021967133034369e-28,1.416428,"{""-20"": 0.09863636363636363, ""-18"": 0.09636363636363636, ""-16"": 0.11454545454545455, ""-14"": 0.15818181818181817, ""-12"": 0.20136363636363636, ""-10"": 0.26272727272727275, ""-8"": 0.405, ""-6"": 0.5663636363636364, ""-4"": 0.7027272727272728, ""-2"": 0.8340909090909091, ""0"": 0.8913636363636364, ""2"": 0.9136363636363637, ""4"": 0.9127272727272727, ""6"": 0.9068181818181819, ""8"": 0.9118181818181819, ""10"": 0.9154545454545454, ""12"": 0.9131818181818182, ""14"": 0.915, ""16"": 0.9286363636363636, ""18"": 0.9136363636363637}","{""-20"": 0.3636363636363632, ""-18"": -0.0909090909090915, ""-16"": 1.090909090909091, ""-14"": 2.0909090909090904, ""-12"": 1.1363636363636354, ""-10"": 0.2272727272727315, ""-8"": -0.09090909090908594, ""-6"": -2.8181818181818197, ""-4"": -3.8181818181818206, ""-2"": -2.409090909090905, ""0"": -1.7272727272727328, ""2"": -1.4090909090909043, ""4"": -1.4545454545454528, ""6"": -2.6363636363636367, ""8"": -1.9090909090909047, ""10"": -1.5909090909090984, ""12"": -2.0909090909090877, ""14"": -2.045454545454539, ""16"": -0.31818181818181746, ""18"": -2.3636363636363567}"
runs/iqformer_s2,LSTM=W8A8,0.6390681818181818,0.6616845659998977,0.0022727272727229852,126,28,29,1.0,1.297644,"{""-20"": 0.095, ""-18"": 0.09636363636363636, ""-16"": 0.10318181818181818, ""-14"": 0.13727272727272727, ""-12"": 0.18954545454545454, ""-10"": 0.26136363636363635, ""-8"": 0.4059090909090909, ""-6"": 0.5936363636363636, ""-4"": 0.740909090909091, ""-2"": 0.8586363636363636, ""0"": 0.9090909090909091, ""2"": 0.9286363636363636, ""4"": 0.9268181818181818, ""6"": 0.9331818181818182, ""8"": 0.9309090909090909, ""10"": 0.9313636363636364, ""12"": 0.9340909090909091, ""14"": 0.9354545454545454, ""16"": 0.9318181818181818, ""18"": 0.9381818181818182}","{""-20"": 0.0, ""-18"": -0.0909090909090915, ""-16"": -0.04545454545454575, ""-14"": 0.0, ""-12"": -0.04545454545454575, ""-10"": 0.0909090909090915, ""-8"": 0.0, ""-6"": -0.09090909090909705, ""-4"": 0.0, ""-2"": 0.04545454545454852, ""0"": 0.04545454545453742, ""2"": 0.09090909090908594, ""4"": -0.04545454545454852, ""6"": 0.0, ""8"": 0.0, ""10"": 0.0, ""12"": 0.0, ""14"": 0.0, ""16"": 0.0, ""18"": 0.09090909090909705}"
runs/iqformer_s2,LSTM=W6A6,0.6386363636363637,0.6613076464501785,-0.04090909090909145,480,135,117,0.28419208575169397,1.287404,"{""-20"": 0.0959090909090909, ""-18"": 0.095, ""-16"": 0.10272727272727272, ""-14"": 0.13818181818181818, ""-12"": 0.1859090909090909, ""-10"": 0.26272727272727275, ""-8"": 0.405, ""-6"": 0.5945454545454546, ""-4"": 0.7372727272727273, ""-2"": 0.8572727272727273, ""0"": 0.91, ""2"": 0.9281818181818182, ""4"": 0.9268181818181818, ""6"": 0.9327272727272727, ""8"": 0.9309090909090909, ""10"": 0.9313636363636364, ""12"": 0.9340909090909091, ""14"": 0.9359090909090909, ""16"": 0.9313636363636364, ""18"": 0.9368181818181818}","{""-20"": 0.0909090909090901, ""-18"": -0.22727272727272735, ""-16"": -0.0909090909090915, ""-14"": 0.0909090909090915, ""-12"": -0.40909090909090895, ""-10"": 0.2272727272727315, ""-8"": -0.09090909090908594, ""-6"": 0.0, ""-4"": -0.363636363636366, ""-2"": -0.09090909090908594, ""0"": 0.13636363636363447, ""2"": 0.04545454545454852, ""4"": -0.04545454545454852, ""6"": -0.04545454545454852, ""8"": 0.0, ""10"": 0.0, ""12"": 0.0, ""14"": 0.04545454545454852, ""16"": -0.04545454545453742, ""18"": -0.04545454545454852}"
runs/iqformer_s2,LSTM=W4A4,0.622,0.638070704422682,-1.7045454545454586,4379,1471,721,9.686006908929696e-59,1.277164,"{""-20"": 0.09454545454545454, ""-18"": 0.09409090909090909, ""-16"": 0.1009090909090909, ""-14"": 0.12772727272727272, ""-12"": 0.16636363636363635, ""-10"": 0.2540909090909091, ""-8"": 0.39590909090909093, ""-6"": 0.5695454545454546, ""-4"": 0.7140909090909091, ""-2"": 0.835, ""0"": 0.8836363636363637, ""2"": 0.9031818181818182, ""4"": 0.9063636363636364, ""6"": 0.9109090909090909, ""8"": 0.91, ""10"": 0.9113636363636364, ""12"": 0.9118181818181819, ""14"": 0.9145454545454546, ""16"": 0.9181818181818182, ""18"": 0.9177272727272727}","{""-20"": -0.04545454545454575, ""-18"": -0.31818181818181884, ""-16"": -0.2727272727272731, ""-14"": -0.9545454545454551, ""-12"": -2.363636363636365, ""-10"": -0.6363636363636349, ""-8"": -0.9999999999999953, ""-6"": -2.500000000000002, ""-4"": -2.681818181818185, ""-2"": -2.3181818181818192, ""0"": -2.500000000000002, ""2"": -2.4545454545454537, ""4"": -2.0909090909090877, ""6"": -2.2272727272727333, ""8"": -2.0909090909090877, ""10"": -2.0000000000000018, ""12"": -2.227272727272722, ""14"": -2.0909090909090877, ""16"": -1.3636363636363558, ""18"": -1.9545454545454533}"
runs/iqformer_s2,LSTM=W8A32,0.639,0.6615558427572764,-0.004545454545457073,57,11,9,0.8238029479980469,1.297644,"{""-20"": 0.095, ""-18"": 0.09727272727272727, ""-16"": 0.10363636363636364, ""-14"": 0.1368181818181818, ""-12"": 0.19, ""-10"": 0.26045454545454544, ""-8"": 0.4059090909090909, ""-6"": 0.5936363636363636, ""-4"": 0.7404545454545455, ""-2"": 0.8586363636363636, ""0"": 0.9086363636363637, ""2"": 0.9281818181818182, ""4"": 0.9268181818181818, ""6"": 0.9331818181818182, ""8"": 0.9309090909090909, ""10"": 0.9313636363636364, ""12"": 0.9340909090909091, ""14"": 0.9354545454545454, ""16"": 0.9318181818181818, ""18"": 0.9377272727272727}","{""-20"": 0.0, ""-18"": 0.0, ""-16"": 0.0, ""-14"": -0.04545454545454575, ""-12"": 0.0, ""-10"": 0.0, ""-8"": 0.0, ""-6"": -0.09090909090909705, ""-4"": -0.04545454545454852, ""-2"": 0.04545454545454852, ""0"": 0.0, ""2"": 0.04545454545454852, ""4"": -0.04545454545454852, ""6"": 0.0, ""8"": 0.0, ""10"": 0.0, ""12"": 0.0, ""14"": 0.0, ""16"": 0.0, ""18"": 0.04545454545454852}"
runs/iqformer_s2,LSTM=W6A32,0.6388863636363636,0.6615943876347239,-0.015909090909094203,203,55,48,0.5546010666648732,1.287404,"{""-20"": 0.09454545454545454, ""-18"": 0.0959090909090909, ""-16"": 0.10363636363636364, ""-14"": 0.13772727272727273, ""-12"": 0.18545454545454546, ""-10"": 0.26136363636363635, ""-8"": 0.4072727272727273, ""-6"": 0.5927272727272728, ""-4"": 0.7413636363636363, ""-2"": 0.8572727272727273, ""0"": 0.91, ""2"": 0.9281818181818182, ""4"": 0.9272727272727272, ""6"": 0.9331818181818182, ""8"": 0.9304545454545454, ""10"": 0.9322727272727273, ""12"": 0.9340909090909091, ""14"": 0.9359090909090909, ""16"": 0.9318181818181818, ""18"": 0.9372727272727273}","{""-20"": -0.04545454545454575, ""-18"": -0.13636363636363724, ""-16"": 0.0, ""-14"": 0.04545454545454575, ""-12"": -0.4545454545454547, ""-10"": 0.0909090909090915, ""-8"": 0.13636363636364002, ""-6"": -0.181818181818183, ""-4"": 0.04545454545453742, ""-2"": -0.09090909090908594, ""0"": 0.13636363636363447, ""2"": 0.04545454545454852, ""4"": 0.0, ""6"": 0.0, ""8"": -0.04545454545454852, ""10"": 0.09090909090908594, ""12"": 0.0, ""14"": 0.04545454545454852, ""16"": 0.0, ""18"": 0.0}"
runs/iqformer_s2,LSTM=W4A32,0.6371818181818182,0.6606938681627623,-0.18636363636364006,1428,394,312,0.0022772123651042366,1.277164,"{""-20"": 0.09409090909090909, ""-18"": 0.09545454545454546, ""-16"": 0.10272727272727272, ""-14"": 0.13272727272727272, ""-12"": 0.1759090909090909, ""-10"": 0.25727272727272726, ""-8"": 0.4059090909090909, ""-6"": 0.5927272727272728, ""-4"": 0.7304545454545455, ""-2"": 0.8531818181818182, ""0"": 0.9081818181818182, ""2"": 0.9286363636363636, ""4"": 0.9290909090909091, ""6"": 0.9336363636363636, ""8"": 0.9327272727272727, ""10"": 0.9322727272727273, ""12"": 0.9345454545454546, ""14"": 0.9354545454545454, ""16"": 0.9327272727272727, ""18"": 0.9359090909090909}","{""-20"": -0.0909090909090915, ""-18"": -0.1818181818181816, ""-16"": -0.0909090909090915, ""-14"": -0.4545454545454547, ""-12"": -1.4090909090909098, ""-10"": -0.31818181818181746, ""-8"": 0.0, ""-6"": -0.181818181818183, ""-4"": -1.0454545454545494, ""-2"": -0.5000000000000004, ""0"": -0.04545454545454852, ""2"": 0.09090909090908594, ""4"": 0.181818181818183, ""6"": 0.04545454545453742, ""8"": 0.181818181818183, ""10"": 0.09090909090908594, ""12"": 0.04545454545454852, ""14"": 0.0, ""16"": 0.09090909090909705, ""18"": -0.13636363636363447}"
runs/iqformer_s2,LSTM=W3A32,0.6373636363636364,0.6627889066302668,-0.16818181818182287,1747,443,369,0.010369306233989043,1.272044,"{""-20"": 0.09272727272727273, ""-18"": 0.09636363636363636, ""-16"": 0.1040909090909091, ""-14"": 0.13045454545454546, ""-12"": 0.175, ""-10"": 0.255, ""-8"": 0.4009090909090909, ""-6"": 0.585, ""-4"": 0.735909090909091, ""-2"": 0.8531818181818182, ""0"": 0.9104545454545454, ""2"": 0.9290909090909091, ""4"": 0.9295454545454546, ""6"": 0.9368181818181818, ""8"": 0.9309090909090909, ""10"": 0.9345454545454546, ""12"": 0.9372727272727273, ""14"": 0.9377272727272727, ""16"": 0.9345454545454546, ""18"": 0.9377272727272727}","{""-20"": -0.22727272727272735, ""-18"": -0.0909090909090915, ""-16"": 0.04545454545454575, ""-14"": -0.6818181818181807, ""-12"": -1.5000000000000013, ""-10"": -0.5454545454545434, ""-8"": -0.5000000000000004, ""-6"": -0.9545454545454635, ""-4"": -0.5000000000000004, ""-2"": -0.5000000000000004, ""0"": 0.1818181818181719, ""2"": 0.13636363636363447, ""4"": 0.2272727272727315, ""6"": 0.3636363636363549, ""8"": 0.0, ""10"": 0.31818181818181746, ""12"": 0.31818181818181746, ""14"": 0.2272727272727315, ""16"": 0.27272727272728003, ""18"": 0.04545454545454852}"
runs/iqformer_s2,LSTM=W32A8,0.6387954545454545,0.6614743860457483,-0.02500000000000835,102,32,21,0.16897782228771874,1.416428,"{""-20"": 0.095, ""-18"": 0.09545454545454546, ""-16"": 0.10363636363636364, ""-14"": 0.13727272727272727, ""-12"": 0.18863636363636363, ""-10"": 0.2609090909090909, ""-8"": 0.40545454545454546, ""-6"": 0.5945454545454546, ""-4"": 0.74, ""-2"": 0.8572727272727273, ""0"": 0.9086363636363637, ""2"": 0.9281818181818182, ""4"": 0.9268181818181818, ""6"": 0.9322727272727273, ""8"": 0.9309090909090909, ""10"": 0.9313636363636364, ""12"": 0.9345454545454546, ""14"": 0.9354545454545454, ""16"": 0.9318181818181818, ""18"": 0.9377272727272727}","{""-20"": 0.0, ""-18"": -0.1818181818181816, ""-16"": 0.0, ""-14"": 0.0, ""-12"": -0.13636363636363724, ""-10"": 0.04545454545454852, ""-8"": -0.04545454545454297, ""-6"": 0.0, ""-4"": -0.09090909090909705, ""-2"": -0.09090909090908594, ""0"": 0.0, ""2"": 0.04545454545454852, ""4"": -0.04545454545454852, ""6"": -0.09090909090909705, ""8"": 0.0, ""10"": 0.0, ""12"": 0.04545454545454852, ""14"": 0.0, ""16"": 0.0, ""18"": 0.04545454545454852}"
runs/iqformer_s2,LSTM=W32A6,0.6383863636363636,0.6609289539550223,-0.0659090909090998,429,133,104,0.06871696415682013,1.416428,"{""-20"": 0.09681818181818182, ""-18"": 0.09681818181818182, ""-16"": 0.10272727272727272, ""-14"": 0.13818181818181818, ""-12"": 0.1890909090909091, ""-10"": 0.2590909090909091, ""-8"": 0.40545454545454546, ""-6"": 0.5913636363636363, ""-4"": 0.735909090909091, ""-2"": 0.8572727272727273, ""0"": 0.9081818181818182, ""2"": 0.9272727272727272, ""4"": 0.9277272727272727, ""6"": 0.9331818181818182, ""8"": 0.9309090909090909, ""10"": 0.9309090909090909, ""12"": 0.9336363636363636, ""14"": 0.935, ""16"": 0.9313636363636364, ""18"": 0.9368181818181818}","{""-20"": 0.1818181818181816, ""-18"": -0.04545454545454575, ""-16"": -0.0909090909090915, ""-14"": 0.0909090909090915, ""-12"": -0.0909090909090915, ""-10"": -0.13636363636363447, ""-8"": -0.04545454545454297, ""-6"": -0.31818181818182856, ""-4"": -0.5000000000000004, ""-2"": -0.09090909090908594, ""0"": -0.04545454545454852, ""2"": -0.04545454545454852, ""4"": 0.04545454545454852, ""6"": 0.0, ""8"": 0.0, ""10"": -0.04545454545454852, ""12"": -0.04545454545454852, ""14"": -0.04545454545453742, ""16"": -0.04545454545453742, ""18"": -0.04545454545454852}"
runs/iqformer_s2,LSTM=W32A4,0.6245,0.6396358726792148,-1.4545454545454528,4390,1400,760,1.235177999989708e-43,1.416428,"{""-20"": 0.095, ""-18"": 0.09727272727272727, ""-16"": 0.1040909090909091, ""-14"": 0.13363636363636364, ""-12"": 0.17363636363636364, ""-10"": 0.26181818181818184, ""-8"": 0.40545454545454546, ""-6"": 0.5740909090909091, ""-4"": 0.7163636363636363, ""-2"": 0.8386363636363636, ""0"": 0.8854545454545455, ""2"": 0.9068181818181819, ""4"": 0.9072727272727272, ""6"": 0.9086363636363637, ""8"": 0.9081818181818182, ""10"": 0.9095454545454545, ""12"": 0.9136363636363637, ""14"": 0.9177272727272727, ""16"": 0.9136363636363637, ""18"": 0.9190909090909091}","{""-20"": 0.0, ""-18"": 0.0, ""-16"": 0.04545454545454575, ""-14"": -0.3636363636363632, ""-12"": -1.6363636363636358, ""-10"": 0.13636363636364002, ""-8"": -0.04545454545454297, ""-6"": -2.0454545454545503, ""-4"": -2.454545454545465, ""-2"": -1.9545454545454533, ""0"": -2.3181818181818192, ""2"": -2.0909090909090877, ""4"": -2.0000000000000018, ""6"": -2.4545454545454537, ""8"": -2.2727272727272707, ""10"": -2.1818181818181848, ""12"": -2.045454545454539, ""14"": -1.7727272727272703, ""16"": -1.8181818181818077, ""18"": -1.8181818181818188}"
runs/iqformer_s2,HEAD=W8A8,0.6385909090909091,0.6612952773582513,-0.04545454545454852,176,53,33,0.03985362856053515,1.41436,"{""-20"": 0.0959090909090909, ""-18"": 0.09636363636363636, ""-16"": 0.10227272727272728, ""-14"": 0.135, ""-12"": 0.18636363636363637, ""-10"": 0.26, ""-8"": 0.40863636363636363, ""-6"": 0.5931818181818181, ""-4"": 0.7395454545454545, ""-2"": 0.8572727272727273, ""0"": 0.9081818181818182, ""2"": 0.9272727272727272, ""4"": 0.9272727272727272, ""6"": 0.9331818181818182, ""8"": 0.9309090909090909, ""10"": 0.9318181818181818, ""12"": 0.9340909090909091, ""14"": 0.9359090909090909, ""16"": 0.9318181818181818, ""18"": 0.9368181818181818}","{""-20"": 0.0909090909090901, ""-18"": -0.0909090909090915, ""-16"": -0.13636363636363585, ""-14"": -0.22727272727272596, ""-12"": -0.3636363636363632, ""-10"": -0.04545454545454297, ""-8"": 0.2727272727272745, ""-6"": -0.13636363636364557, ""-4"": -0.13636363636364557, ""-2"": -0.09090909090908594, ""0"": -0.04545454545454852, ""2"": -0.04545454545454852, ""4"": 0.0, ""6"": 0.0, ""8"": 0.0, ""10"": 0.04545454545453742, ""12"": 0.0, ""14"": 0.04545454545454852, ""16"": 0.0, ""18"": -0.04545454545454852}"
runs/iqformer_s2,HEAD=W6A6,0.6390227272727272,0.6611625207185019,-0.0022727272727340875,743,166,165,1.0,1.414184,"{""-20"": 0.09727272727272727, ""-18"": 0.09681818181818182, ""-16"": 0.1040909090909091, ""-14"": 0.135, ""-12"": 0.18863636363636363, ""-10"": 0.2595454545454545, ""-8"": 0.40863636363636363, ""-6"": 0.5945454545454546, ""-4"": 0.740909090909091, ""-2"": 0.8568181818181818, ""0"": 0.9095454545454545, ""2"": 0.9268181818181818, ""4"": 0.9281818181818182, ""6"": 0.9331818181818182, ""8"": 0.9304545454545454, ""10"": 0.9327272727272727, ""12"": 0.9336363636363636, ""14"": 0.935, ""16"": 0.9322727272727273, ""18"": 0.9363636363636364}","{""-20"": 0.22727272727272735, ""-18"": -0.04545454545454575, ""-16"": 0.04545454545454575, ""-14"": -0.22727272727272596, ""-12"": -0.13636363636363724, ""-10"": -0.0909090909090915, ""-8"": 0.2727272727272745, ""-6"": 0.0, ""-4"": 0.0, ""-2"": -0.13636363636363447, ""0"": 0.09090909090908594, ""2"": -0.09090909090909705, ""4"": 0.09090909090909705, ""6"": 0.0, ""8"": -0.04545454545454852, ""10"": 0.13636363636363447, ""12"": -0.04545454545454852, ""14"": -0.04545454545453742, ""16"": 0.04545454545454852, ""18"": -0.09090909090908594}"
runs/iqformer_s2,HEAD=W4A4,0.6353181818181818,0.6550234048567652,-0.3727272727272801,3130,743,579,7.1740203837907215e-06,1.414008,"{""-20"": 0.09772727272727273, ""-18"": 0.09909090909090909, ""-16"": 0.10318181818181818, ""-14"": 0.13727272727272727, ""-12"": 0.18409090909090908, ""-10"": 0.25636363636363635, ""-8"": 0.4127272727272727, ""-6"": 0.585, ""-4"": 0.7236363636363636, ""-2"": 0.8472727272727273, ""0"": 0.9045454545454545, ""2"": 0.925, ""4"": 0.9227272727272727, ""6"": 0.9304545454545454, ""8"": 0.925, ""10"": 0.9286363636363636, ""12"": 0.9304545454545454, ""14"": 0.9318181818181818, ""16"": 0.9309090909090909, ""18"": 0.9304545454545454}","{""-20"": 0.2727272727272731, ""-18"": 0.1818181818181816, ""-16"": -0.04545454545454575, ""-14"": 0.0, ""-12"": -0.5909090909090919, ""-10"": -0.40909090909090895, ""-8"": 0.6818181818181834, ""-6"": -0.9545454545454635, ""-4"": -1.7272727272727328, ""-2"": -1.0909090909090868, ""0"": -0.4090909090909145, ""2"": -0.27272727272726893, ""4"": -0.4545454545454519, ""6"": -0.27272727272728003, ""8"": -0.5909090909090864, ""10"": -0.27272727272728003, ""12"": -0.363636363636366, ""14"": -0.363636363636366, ""16"": -0.09090909090908594, ""18"": -0.6818181818181834}"
runs/iqformer_s2,HEAD=W8A32,0.6388409090909091,0.6614590580607046,-0.020454545454551276,28,11,2,0.0224609375,1.41436,"{""-20"": 0.095, ""-18"": 0.09681818181818182, ""-16"": 0.10363636363636364, ""-14"": 0.13727272727272727, ""-12"": 0.18863636363636363, ""-10"": 0.2595454545454545, ""-8"": 0.4059090909090909, ""-6"": 0.5936363636363636, ""-4"": 0.740909090909091, ""-2"": 0.8577272727272728, ""0"": 0.9081818181818182, ""2"": 0.9281818181818182, ""4"": 0.9272727272727272, ""6"": 0.9331818181818182, ""8"": 0.9309090909090909, ""10"": 0.9313636363636364, ""12"": 0.9340909090909091, ""14"": 0.9354545454545454, ""16"": 0.9318181818181818, ""18"": 0.9372727272727273}","{""-20"": 0.0, ""-18"": -0.04545454545454575, ""-16"": 0.0, ""-14"": 0.0, ""-12"": -0.13636363636363724, ""-10"": -0.0909090909090915, ""-8"": 0.0, ""-6"": -0.09090909090909705, ""-4"": 0.0, ""-2"": -0.04545454545453742, ""0"": -0.04545454545454852, ""2"": 0.04545454545454852, ""4"": 0.0, ""6"": 0.0, ""8"": 0.0, ""10"": 0.0, ""12"": 0.0, ""14"": 0.0, ""16"": 0.0, ""18"": 0.0}"
runs/iqformer_s2,HEAD=W6A32,0.6390454545454546,0.6615454722796733,0.0,170,45,45,1.0,1.414184,"{""-20"": 0.09545454545454546, ""-18"": 0.0959090909090909, ""-16"": 0.10318181818181818, ""-14"": 0.135, ""-12"": 0.18954545454545454, ""-10"": 0.26227272727272727, ""-8"": 0.4077272727272727, ""-6"": 0.5954545454545455, ""-4"": 0.7390909090909091, ""-2"": 0.8581818181818182, ""0"": 0.9095454545454545, ""2"": 0.9281818181818182, ""4"": 0.9272727272727272, ""6"": 0.9327272727272727, ""8"": 0.9309090909090909, ""10"": 0.9318181818181818, ""12"": 0.9345454545454546, ""14"": 0.9354545454545454, ""16"": 0.9318181818181818, ""18"": 0.9368181818181818}","{""-20"": 0.04545454545454575, ""-18"": -0.13636363636363724, ""-16"": -0.04545454545454575, ""-14"": -0.22727272727272596, ""-12"": -0.04545454545454575, ""-10"": 0.181818181818183, ""-8"": 0.181818181818183, ""-6"": 0.09090909090908594, ""-4"": -0.181818181818183, ""-2"": 0.0, ""0"": 0.09090909090908594, ""2"": 0.04545454545454852, ""4"": 0.0, ""6"": -0.04545454545454852, ""8"": 0.0, ""10"": 0.04545454545453742, ""12"": 0.04545454545454852, ""14"": 0.0, ""16"": 0.0, ""18"": -0.04545454545454852}"
runs/iqformer_s2,HEAD=W4A32,0.6383863636363636,0.6605741630747869,-0.0659090909090998,408,118,89,0.05137558857869265,1.414008,"{""-20"": 0.09636363636363636, ""-18"": 0.09727272727272727, ""-16"": 0.10227272727272728, ""-14"": 0.1368181818181818, ""-12"": 0.18727272727272729, ""-10"": 0.265, ""-8"": 0.4127272727272727, ""-6"": 0.5895454545454546, ""-4"": 0.7336363636363636, ""-2"": 0.8518181818181818, ""0"": 0.9077272727272727, ""2"": 0.9290909090909091, ""4"": 0.9272727272727272, ""6"": 0.9322727272727273, ""8"": 0.93, ""10"": 0.9313636363636364, ""12"": 0.9345454545454546, ""14"": 0.935, ""16"": 0.9318181818181818, ""18"": 0.9359090909090909}","{""-20"": 0.13636363636363585, ""-18"": 0.0, ""-16"": -0.13636363636363585, ""-14"": -0.04545454545454575, ""-12"": -0.2727272727272717, ""-10"": 0.4545454545454575, ""-8"": 0.6818181818181834, ""-6"": -0.5000000000000004, ""-4"": -0.727272727272732, ""-2"": -0.6363636363636349, ""0"": -0.09090909090909705, ""2"": 0.13636363636363447, ""4"": 0.0, ""6"": -0.09090909090909705, ""8"": -0.09090909090908594, ""10"": 0.0, ""12"": 0.04545454545454852, ""14"": -0.04545454545453742, ""16"": 0.0, ""18"": -0.13636363636363447}"
runs/iqformer_s2,HEAD=W3A32,0.6388409090909091,0.6610816901013613,-0.020454545454551276,1946,526,517,0.804371294949772,1.41392,"{""-20"": 0.09954545454545455, ""-18"": 0.09727272727272727, ""-16"": 0.105, ""-14"": 0.14272727272727273, ""-12"": 0.195, ""-10"": 0.2781818181818182, ""-8"": 0.40136363636363637, ""-6"": 0.5831818181818181, ""-4"": 0.7427272727272727, ""-2"": 0.8581818181818182, ""0"": 0.9045454545454545, ""2"": 0.9268181818181818, ""4"": 0.9218181818181819, ""6"": 0.9309090909090909, ""8"": 0.9295454545454546, ""10"": 0.93, ""12"": 0.9336363636363636, ""14"": 0.9331818181818182, ""16"": 0.9313636363636364, ""18"": 0.9318181818181818}","{""-20"": 0.4545454545454547, ""-18"": 0.0, ""-16"": 0.13636363636363585, ""-14"": 0.5454545454545462, ""-12"": 0.5000000000000004, ""-10"": 1.7727272727272758, ""-8"": -0.4545454545454519, ""-6"": -1.1363636363636465, ""-4"": 0.1818181818181719, ""-2"": 0.0, ""0"": -0.4090909090909145, ""2"": -0.09090909090909705, ""4"": -0.5454545454545379, ""6"": -0.2272727272727315, ""8"": -0.13636363636363447, ""10"": -0.13636363636363447, ""12"": -0.04545454545454852, ""14"": -0.2272727272727204, ""16"": -0.04545454545453742, ""18"": -0.545454545454549}"
runs/iqformer_s2,HEAD=W32A8,0.6387045454545455,0.6614022188945433,-0.03409090909091139,170,48,33,0.1192736683117644,1.416428,"{""-20"": 0.09545454545454546, ""-18"": 0.09636363636363636, ""-16"": 0.10272727272727272, ""-14"": 0.1359090909090909, ""-12"": 0.18818181818181817, ""-10"": 0.2609090909090909, ""-8"": 0.40636363636363637, ""-6"": 0.5927272727272728, ""-4"": 0.7404545454545455, ""-2"": 0.8572727272727273, ""0"": 0.9086363636363637, ""2"": 0.9272727272727272, ""4"": 0.9272727272727272, ""6"": 0.9331818181818182, ""8"": 0.9309090909090909, ""10"": 0.9318181818181818, ""12"": 0.9340909090909091, ""14"": 0.9359090909090909, ""16"": 0.9318181818181818, ""18"": 0.9368181818181818}","{""-20"": 0.04545454545454575, ""-18"": -0.0909090909090915, ""-16"": -0.0909090909090915, ""-14"": -0.13636363636363724, ""-12"": -0.181818181818183, ""-10"": 0.04545454545454852, ""-8"": 0.04545454545454852, ""-6"": -0.181818181818183, ""-4"": -0.04545454545454852, ""-2"": -0.09090909090908594, ""0"": 0.0, ""2"": -0.04545454545454852, ""4"": 0.0, ""6"": 0.0, ""8"": 0.0, ""10"": 0.04545454545453742, ""12"": 0.0, ""14"": 0.04545454545454852, ""16"": 0.0, ""18"": -0.04545454545454852}"
runs/iqformer_s2,HEAD=W32A6,0.63925,0.6615477564571267,0.020454545454540174,707,152,161,0.6512038585495965,1.416428,"{""-20"": 0.09681818181818182, ""-18"": 0.09818181818181818, ""-16"": 0.10454545454545454, ""-14"": 0.13818181818181818, ""-12"": 0.18818181818181817, ""-10"": 0.25681818181818183, ""-8"": 0.41, ""-6"": 0.595, ""-4"": 0.7427272727272727, ""-2"": 0.855909090909091, ""0"": 0.9095454545454545, ""2"": 0.9268181818181818, ""4"": 0.9281818181818182, ""6"": 0.9336363636363636, ""8"": 0.9304545454545454, ""10"": 0.9322727272727273, ""12"": 0.9336363636363636, ""14"": 0.935, ""16"": 0.9322727272727273, ""18"": 0.9368181818181818}","{""-20"": 0.1818181818181816, ""-18"": 0.0909090909090901, ""-16"": 0.0909090909090901, ""-14"": 0.0909090909090915, ""-12"": -0.181818181818183, ""-10"": -0.3636363636363604, ""-8"": 0.40909090909090895, ""-6"": 0.04545454545453742, ""-4"": 0.1818181818181719, ""-2"": -0.2272727272727204, ""0"": 0.09090909090908594, ""2"": -0.09090909090909705, ""4"": 0.09090909090909705, ""6"": 0.04545454545453742, ""8"": -0.04545454545454852, ""10"": 0.09090909090908594, ""12"": -0.04545454545454852, ""14"": -0.04545454545453742, ""16"": 0.04545454545454852, ""18"": -0.04545454545454852}"
runs/iqformer_s2,HEAD=W32A4,0.6359318181818182,0.6558294764543308,-0.3113636363636374,3119,724,587,0.00017042655513168885,1.416428,"{""-20"": 0.09818181818181818, ""-18"": 0.09863636363636363, ""-16"": 0.10363636363636364, ""-14"": 0.13545454545454547, ""-12"": 0.18636363636363637, ""-10"": 0.24909090909090909, ""-8"": 0.4127272727272727, ""-6"": 0.5927272727272728, ""-4"": 0.730909090909091, ""-2"": 0.8513636363636363, ""0"": 0.905, ""2"": 0.9254545454545454, ""4"": 0.9209090909090909, ""6"": 0.9309090909090909, ""8"": 0.9259090909090909, ""10"": 0.9286363636363636, ""12"": 0.9290909090909091, ""14"": 0.9318181818181818, ""16"": 0.9304545454545454, ""18"": 0.9313636363636364}","{""-20"": 0.31818181818181746, ""-18"": 0.13636363636363585, ""-16"": 0.0, ""-14"": -0.1818181818181802, ""-12"": -0.3636363636363632, ""-10"": -1.1363636363636354, ""-8"": 0.6818181818181834, ""-6"": -0.181818181818183, ""-4"": -1.0000000000000009, ""-2"": -0.6818181818181834, ""0"": -0.363636363636366, ""2"": -0.2272727272727315, ""4"": -0.6363636363636349, ""6"": -0.2272727272727315, ""8"": -0.5000000000000004, ""10"": -0.27272727272728003, ""12"": -0.5000000000000004, ""14"": -0.363636363636366, ""16"": -0.13636363636363447, ""18"": -0.5909090909090864}"
runs/iqformer_s3,FP32,0.640159090909091,0.6623351558154336,0.0,0,0,0,1.0,1.420196,"{""-20"": 0.09727272727272727, ""-18"": 0.09681818181818182, ""-16"": 0.09954545454545455, ""-14"": 0.12681818181818183, ""-12"": 0.18045454545454545, ""-10"": 0.27, ""-8"": 0.41545454545454547, ""-6"": 0.5954545454545455, ""-4"": 0.7518181818181818, ""-2"": 0.8672727272727273, ""0"": 0.9136363636363637, ""2"": 0.93, ""4"": 0.9254545454545454, ""6"": 0.9318181818181818, ""8"": 0.9327272727272727, ""10"": 0.9322727272727273, ""12"": 0.9359090909090909, ""14"": 0.9340909090909091, ""16"": 0.9318181818181818, ""18"": 0.9345454545454546}",
runs/iqformer_s3,CONV=W8A8,0.6402045454545454,0.6622585200530532,0.0045454545454459705,268,68,70,0.9322024875049748,0.657652,"{""-20"": 0.09727272727272727, ""-18"": 0.09681818181818182, ""-16"": 0.10045454545454545, ""-14"": 0.12590909090909091, ""-12"": 0.18227272727272728, ""-10"": 0.2722727272727273, ""-8"": 0.41363636363636364, ""-6"": 0.5954545454545455, ""-4"": 0.7518181818181818, ""-2"": 0.8686363636363637, ""0"": 0.9109090909090909, ""2"": 0.9295454545454546, ""4"": 0.925, ""6"": 0.9322727272727273, ""8"": 0.9327272727272727, ""10"": 0.9327272727272727, ""12"": 0.9359090909090909, ""14"": 0.9345454545454546, ""16"": 0.9304545454545454, ""18"": 0.9354545454545454}","{""-20"": 0.0, ""-18"": 0.0, ""-16"": 0.0909090909090901, ""-14"": -0.0909090909090915, ""-12"": 0.181818181818183, ""-10"": 0.22727272727272596, ""-8"": -0.181818181818183, ""-6"": 0.0, ""-4"": 0.0, ""-2"": 0.13636363636363447, ""0"": -0.27272727272728003, ""2"": -0.04545454545454852, ""4"": -0.04545454545453742, ""6"": 0.04545454545454852, ""8"": 0.0, ""10"": 0.04545454545454852, ""12"": 0.0, ""14"": 0.04545454545454852, ""16"": -0.13636363636363447, ""18"": 0.09090909090908594}"
runs/iqformer_s3,CONV=W6A6,0.6394318181818182,0.6607245593438825,-0.07272727272727986,1397,350,318,0.23033692195859057,0.59337,"{""-20"": 0.09681818181818182, ""-18"": 0.09863636363636363, ""-16"": 0.09818181818181818, ""-14"": 0.12181818181818181, ""-12"": 0.17727272727272728, ""-10"": 0.28045454545454546, ""-8"": 0.4131818181818182, ""-6"": 0.5936363636363636, ""-4"": 0.7495454545454545, ""-2"": 0.8668181818181818, ""0"": 0.915, ""2"": 0.9272727272727272, ""4"": 0.925, ""6"": 0.9304545454545454, ""8"": 0.9309090909090909, ""10"": 0.9322727272727273, ""12"": 0.9336363636363636, ""14"": 0.9327272727272727, ""16"": 0.9309090909090909, ""18"": 0.9340909090909091}","{""-20"": -0.04545454545454575, ""-18"": 0.1818181818181816, ""-16"": -0.13636363636363724, ""-14"": -0.5000000000000018, ""-12"": -0.31818181818181746, ""-10"": 1.0454545454545439, ""-8"": -0.22727272727272596, ""-6"": -0.181818181818183, ""-4"": -0.2272727272727315, ""-2"": -0.04545454545454852, ""0"": 0.13636363636363447, ""2"": -0.27272727272728003, ""4"": -0.04545454545453742, ""6"": -0.13636363636363447, ""8"": -0.181818181818183, ""10"": 0.0, ""12"": -0.2272727272727315, ""14"": -0.13636363636363447, ""16"": -0.09090909090908594, ""18"": -0.04545454545454852}"
runs/iqformer_s3,CONV=W4A4,0.357,0.32532792411591255,-28.3159090909091,27389,13785,1326,0.0,0.529088,"{""-20"": 0.09045454545454545, ""-18"": 0.08727272727272728, ""-16"": 0.08636363636363636, ""-14"": 0.09090909090909091, ""-12"": 0.11, ""-10"": 0.14545454545454545, ""-8"": 0.2040909090909091, ""-6"": 0.2909090909090909, ""-4"": 0.4263636363636364, ""-2"": 0.5427272727272727, ""0"": 0.5422727272727272, ""2"": 0.5304545454545454, ""4"": 0.5209090909090909, ""6"": 0.5045454545454545, ""8"": 0.4909090909090909, ""10"": 0.48954545454545456, ""12"": 0.505, ""14"": 0.4909090909090909, ""16"": 0.4959090909090909, ""18"": 0.495}","{""-20"": -0.6818181818181821, ""-18"": -0.9545454545454537, ""-16"": -1.3181818181818183, ""-14"": -3.5909090909090917, ""-12"": -7.045454545454545, ""-10"": -12.454545454545457, ""-8"": -21.136363636363637, ""-6"": -30.454545454545457, ""-4"": -32.54545454545455, ""-2"": -32.45454545454546, ""0"": -37.13636363636365, ""2"": -39.95454545454547, ""4"": -40.45454545454545, ""6"": -42.72727272727273, ""8"": -44.18181818181818, ""10"": -44.272727272727266, ""12"": -43.09090909090909, ""14"": -44.31818181818182, ""16"": -43.590909090909086, ""18"": -43.95454545454546}"
runs/iqformer_s3,CONV=W8A32,0.6402045454545454,0.6623294553114486,0.0045454545454459705,71,13,15,0.8505540192127228,0.657652,"{""-20"": 0.09727272727272727, ""-18"": 0.09636363636363636, ""-16"": 0.09954545454545455, ""-14"": 0.12636363636363637, ""-12"": 0.18, ""-10"": 0.27136363636363636, ""-8"": 0.41545454545454547, ""-6"": 0.5963636363636363, ""-4"": 0.7513636363636363, ""-2"": 0.8677272727272727, ""0"": 0.9136363636363637, ""2"": 0.93, ""4"": 0.9254545454545454, ""6"": 0.9318181818181818, ""8"": 0.9327272727272727, ""10"": 0.9322727272727273, ""12"": 0.9359090909090909, ""14"": 0.9345454545454546, ""16"": 0.9309090909090909, ""18"": 0.935}","{""-20"": 0.0, ""-18"": -0.04545454545454575, ""-16"": 0.0, ""-14"": -0.04545454545454575, ""-12"": -0.04545454545454575, ""-10"": 0.13636363636363447, ""-8"": 0.0, ""-6"": 0.09090909090908594, ""-4"": -0.04545454545454852, ""-2"": 0.04545454545453742, ""0"": 0.0, ""2"": 0.0, ""4"": 0.0, ""6"": 0.0, ""8"": 0.0, ""10"": 0.0, ""12"": 0.0, ""14"": 0.04545454545454852, ""16"": -0.09090909090908594, ""18"": 0.04545454545454852}"
runs/iqformer_s3,CONV=W6A32,0.6403636363636364,0.6628785130714027,0.020454545454540174,364,75,84,0.5259245063255041,0.59337,"{""-20"": 0.09636363636363636, ""-18"": 0.09727272727272727, ""-16"": 0.09863636363636363, ""-14"": 0.12681818181818183, ""-12"": 0.17909090909090908, ""-10"": 0.27454545454545454, ""-8"": 0.41454545454545455, ""-6"": 0.5963636363636363, ""-4"": 0.7540909090909091, ""-2"": 0.8677272727272727, ""0"": 0.9136363636363637, ""2"": 0.9281818181818182, ""4"": 0.9272727272727272, ""6"": 0.9318181818181818, ""8"": 0.9322727272727273, ""10"": 0.9327272727272727, ""12"": 0.9354545454545454, ""14"": 0.9345454545454546, ""16"": 0.9309090909090909, ""18"": 0.935}","{""-20"": -0.0909090909090915, ""-18"": 0.04545454545454575, ""-16"": -0.0909090909090915, ""-14"": 0.0, ""-12"": -0.13636363636363724, ""-10"": 0.4545454545454519, ""-8"": -0.0909090909090915, ""-6"": 0.09090909090908594, ""-4"": 0.2272727272727315, ""-2"": 0.04545454545453742, ""0"": 0.0, ""2"": -0.181818181818183, ""4"": 0.181818181818183, ""6"": 0.0, ""8"": -0.04545454545454852, ""10"": 0.04545454545454852, ""12"": -0.04545454545454852, ""14"": 0.04545454545454852, ""16"": -0.09090909090908594, ""18"": 0.04545454545454852}"
runs/iqformer_s3,CONV=W4A32,0.6365,0.6543546951071784,-0.36590909090910007,2262,575,414,3.4240241975595e-07,0.529088,"{""-20"": 0.0959090909090909, ""-18"": 0.09909090909090909, ""-16"": 0.10454545454545454, ""-14"": 0.13636363636363635, ""-12"": 0.18545454545454546, ""-10"": 0.2718181818181818, ""-8"": 0.4159090909090909, ""-6"": 0.5804545454545454, ""-4"": 0.73, ""-2"": 0.8627272727272727, ""0"": 0.91, ""2"": 0.925, ""4"": 0.9209090909090909, ""6"": 0.9259090909090909, ""8"": 0.9272727272727272, ""10"": 0.9277272727272727, ""12"": 0.9259090909090909, ""14"": 0.9281818181818182, ""16"": 0.9286363636363636, ""18"": 0.9281818181818182}","{""-20"": -0.13636363636363724, ""-18"": 0.22727272727272735, ""-16"": 0.49999999999999906, ""-14"": 0.9545454545454524, ""-12"": 0.5000000000000004, ""-10"": 0.18181818181817744, ""-8"": 0.04545454545454297, ""-6"": -1.5000000000000013, ""-4"": -2.1818181818181848, ""-2"": -0.454545454545463, ""0"": -0.363636363636366, ""2"": -0.5000000000000004, ""4"": -0.4545454545454519, ""6"": -0.5909090909090864, ""8"": -0.545454545454549, ""10"": -0.4545454545454519, ""12"": -1.0000000000000009, ""14"": -0.5909090909090864, ""16"": -0.31818181818181746, ""18"": -0.6363636363636349}"
runs/iqformer_s3,CONV=W3A32,0.6320681818181818,0.6544631970373062,-0.8090909090909149,2841,940,584,6.538395683190262e-20,0.496947,"{""-20"": 0.09318181818181819, ""-18"": 0.09636363636363636, ""-16"": 0.10363636363636364, ""-14"": 0.12454545454545454, ""-12"": 0.17545454545454545, ""-10"": 0.27136363636363636, ""-8"": 0.40954545454545455, ""-6"": 0.5831818181818181, ""-4"": 0.7268181818181818, ""-2"": 0.8290909090909091, ""0"": 0.8972727272727272, ""2"": 0.9163636363636364, ""4"": 0.9209090909090909, ""6"": 0.9245454545454546, ""8"": 0.9272727272727272, ""10"": 0.9259090909090909, ""12"": 0.9254545454545454, ""14"": 0.9295454545454546, ""16"": 0.9290909090909091, ""18"": 0.9318181818181818}","{""-20"": -0.40909090909090895, ""-18"": -0.04545454545454575, ""-16"": 0.40909090909090895, ""-14"": -0.22727272727272874, ""-12"": -0.5000000000000004, ""-10"": 0.13636363636363447, ""-8"": -0.5909090909090919, ""-6"": -1.2272727272727324, ""-4"": -2.500000000000002, ""-2"": -3.8181818181818206, ""0"": -1.636363636363647, ""2"": -1.3636363636363669, ""4"": -0.4545454545454519, ""6"": -0.7272727272727209, ""8"": -0.545454545454549, ""10"": -0.6363636363636349, ""12"": -1.0454545454545494, ""14"": -0.4545454545454519, ""16"": -0.27272727272726893, ""18"": -0.27272727272728003}"
runs/iqformer_s3,CONV=W32A8,0.6405,0.6627107907955871,0.03409090909090029,277,66,81,0.24812572575379255,1.416428,"{""-20"": 0.09727272727272727, ""-18"": 0.09727272727272727, ""-16"": 0.10045454545454545, ""-14"": 0.12590909090909091, ""-12"": 0.18181818181818182, ""-10"": 0.2736363636363636, ""-8"": 0.4172727272727273, ""-6"": 0.5954545454545455, ""-4"": 0.7509090909090909, ""-2"": 0.8695454545454545, ""0"": 0.9122727272727272, ""2"": 0.9295454545454546, ""4"": 0.925, ""6"": 0.9318181818181818, ""8"": 0.9327272727272727, ""10"": 0.9327272727272727, ""12"": 0.9363636363636364, ""14"": 0.9340909090909091, ""16"": 0.9304545454545454, ""18"": 0.9354545454545454}","{""-20"": 0.0, ""-18"": 0.04545454545454575, ""-16"": 0.0909090909090901, ""-14"": -0.0909090909090915, ""-12"": 0.13636363636363724, ""-10"": 0.3636363636363604, ""-8"": 0.181818181818183, ""-6"": 0.0, ""-4"": -0.09090909090909705, ""-2"": 0.2272727272727204, ""0"": -0.13636363636364557, ""2"": -0.04545454545454852, ""4"": -0.04545454545453742, ""6"": 0.0, ""8"": 0.0, ""10"": 0.04545454545454852, ""12"": 0.04545454545454852, ""14"": 0.0, ""16"": -0.13636363636363447, ""18"": 0.09090909090908594}"
runs/iqformer_s3,CONV=W32A6,0.639090909090909,0.6603339409401404,-0.10681818181819125,1350,346,299,0.07001980596077761,1.416428,"{""-20"": 0.09545454545454546, ""-18"": 0.09772727272727273, ""-16"": 0.09863636363636363, ""-14"": 0.12272727272727273, ""-12"": 0.18, ""-10"": 0.275, ""-8"": 0.41409090909090907, ""-6"": 0.5977272727272728, ""-4"": 0.7513636363636363, ""-2"": 0.865, ""0"": 0.9136363636363637, ""2"": 0.9272727272727272, ""4"": 0.9231818181818182, ""6"": 0.93, ""8"": 0.9304545454545454, ""10"": 0.9327272727272727, ""12"": 0.9304545454545454, ""14"": 0.9322727272727273, ""16"": 0.9309090909090909, ""18"": 0.9331818181818182}","{""-20"": -0.1818181818181816, ""-18"": 0.0909090909090915, ""-16"": -0.0909090909090915, ""-14"": -0.40909090909091034, ""-12"": -0.04545454545454575, ""-10"": 0.5000000000000004, ""-8"": -0.13636363636364002, ""-6"": 0.2272727272727315, ""-4"": -0.04545454545454852, ""-2"": -0.2272727272727315, ""0"": 0.0, ""2"": -0.27272727272728003, ""4"": -0.2272727272727204, ""6"": -0.1818181818181719, ""8"": -0.2272727272727315, ""10"": 0.04545454545454852, ""12"": -0.545454545454549, ""14"": -0.181818181818183, ""16"": -0.09090909090908594, ""18"": -0.13636363636363447}"
runs/iqformer_s3,CONV=W32A4,0.37775,0.3483362086627595,-26.2409090909091,26617,12957,1411,0.0,1.416428,"{""-20"": 0.09909090909090909, ""-18"": 0.09863636363636363, ""-16"": 0.095, ""-14"": 0.10272727272727272, ""-12"": 0.11318181818181818, ""-10"": 0.1572727272727273, ""-8"": 0.21, ""-6"": 0.30272727272727273, ""-4"": 0.4222727272727273, ""-2"": 0.5540909090909091, ""0"": 0.5740909090909091, ""2"": 0.5836363636363636, ""4"": 0.5527272727272727, ""6"": 0.5440909090909091, ""8"": 0.5286363636363637, ""10"": 0.524090909090909, ""12"": 0.5268181818181819, ""14"": 0.5231818181818182, ""16"": 0.5204545454545455, ""18"": 0.5222727272727272}","{""-20"": 0.1818181818181816, ""-18"": 0.1818181818181816, ""-16"": -0.4545454545454547, ""-14"": -2.409090909090911, ""-12"": -6.7272727272727275, ""-10"": -11.272727272727273, ""-8"": -20.545454545454547, ""-6"": -29.272727272727273, ""-4"": -32.95454545454545, ""-2"": -31.318181818181824, ""0"": -33.95454545454546, ""2"": -34.63636363636364, ""4"": -37.272727272727266, ""6"": -38.772727272727266, ""8"": -40.40909090909091, ""10"": -40.81818181818182, ""12"": -40.90909090909091, ""14"": -41.090909090909086, ""16"": -41.136363636363626, ""18"": -41.227272727272734}"
runs/iqformer_s3,ATTN=W8A8,0.6399318181818182,0.6620595061827017,-0.02272727272727426,67,22,12,0.12144948495551944,1.272044,"{""-20"": 0.09727272727272727, ""-18"": 0.09681818181818182, ""-16"": 0.09863636363636363, ""-14"": 0.12727272727272726, ""-12"": 0.17863636363636365, ""-10"": 0.27090909090909093, ""-8"": 0.4159090909090909, ""-6"": 0.5945454545454546, ""-4"": 0.7518181818181818, ""-2"": 0.865909090909091, ""0"": 0.9127272727272727, ""2"": 0.93, ""4"": 0.9254545454545454, ""6"": 0.9318181818181818, ""8"": 0.9327272727272727, ""10"": 0.9322727272727273, ""12"": 0.9359090909090909, ""14"": 0.9345454545454546, ""16"": 0.9309090909090909, ""18"": 0.9345454545454546}","{""-20"": 0.0, ""-18"": 0.0, ""-16"": -0.0909090909090915, ""-14"": 0.04545454545454297, ""-12"": -0.1818181818181802, ""-10"": 0.0909090909090915, ""-8"": 0.04545454545454297, ""-6"": -0.09090909090908594, ""-4"": 0.0, ""-2"": -0.13636363636363447, ""0"": -0.09090909090909705, ""2"": 0.0, ""4"": 0.0, ""6"": 0.0, ""8"": 0.0, ""10"": 0.0, ""12"": 0.0, ""14"": 0.04545454545454852, ""16"": -0.09090909090908594, ""18"": 0.0}"
runs/iqformer_s3,ATTN=W6A6,0.6398636363636364,0.6616715629967135,-0.02954545454545432,451,125,112,0.43575910980737403,1.259756,"{""-20"": 0.09636363636363636, ""-18"": 0.09681818181818182, ""-16"": 0.09772727272727273, ""-14"": 0.12772727272727272, ""-12"": 0.18227272727272728, ""-10"": 0.27636363636363637, ""-8"": 0.4159090909090909, ""-6"": 0.5918181818181818, ""-4"": 0.7504545454545455, ""-2"": 0.8631818181818182, ""0"": 0.9127272727272727, ""2"": 0.93, ""4"": 0.9245454545454546, ""6"": 0.93, ""8"": 0.9327272727272727, ""10"": 0.9322727272727273, ""12"": 0.9354545454545454, ""14"": 0.935, ""16"": 0.9309090909090909, ""18"": 0.935}","{""-20"": -0.0909090909090915, ""-18"": 0.0, ""-16"": -0.1818181818181816, ""-14"": 0.09090909090908872, ""-12"": 0.181818181818183, ""-10"": 0.6363636363636349, ""-8"": 0.04545454545454297, ""-6"": -0.363636363636366, ""-4"": -0.13636363636363447, ""-2"": -0.4090909090909145, ""0"": -0.09090909090909705, ""2"": 0.0, ""4"": -0.09090909090908594, ""6"": -0.1818181818181719, ""8"": 0.0, ""10"": 0.0, ""12"": -0.04545454545454852, ""14"": 0.09090909090909705, ""16"": -0.09090909090908594, ""18"": 0.04545454545454852}"
runs/iqformer_s3,ATTN=W4A4,0.6200681818181818,0.6372485008841801,-2.009090909090916,6647,2410,1526,2.333577047748555e-45,1.247468,"{""-20"": 0.09545454545454546, ""-18"": 0.105, ""-16"": 0.10454545454545454, ""-14"": 0.14681818181818182, ""-12"": 0.2081818181818182, ""-10"": 0.28136363636363637, ""-8"": 0.4109090909090909, ""-6"": 0.5509090909090909, ""-4"": 0.6927272727272727, ""-2"": 0.8031818181818182, ""0"": 0.8722727272727273, ""2"": 0.9009090909090909, ""4"": 0.8977272727272727, ""6"": 0.9127272727272727, ""8"": 0.894090909090909, ""10"": 0.8954545454545455, ""12"": 0.9090909090909091, ""14"": 0.9086363636363637, ""16"": 0.9063636363636364, ""18"": 0.905}","{""-20"": -0.1818181818181816, ""-18"": 0.8181818181818179, ""-16"": 0.49999999999999906, ""-14"": 1.9999999999999991, ""-12"": 2.772727272727274, ""-10"": 1.1363636363636354, ""-8"": -0.4545454545454575, ""-6"": -4.454545454545455, ""-4"": -5.909090909090908, ""-2"": -6.409090909090908, ""0"": -4.1363636363636385, ""2"": -2.9090909090909167, ""4"": -2.772727272727271, ""6"": -1.9090909090909047, ""8"": -3.863636363636369, ""10"": -3.681818181818175, ""12"": -2.681818181818185, ""14"": -2.5454545454545396, ""16"": -2.5454545454545396, ""18"": -2.954545454545454}"
runs/iqformer_s3,ATTN=W8A32,0.640159090909091,0.6623075366022816,0.0,23,6,6,1.0,1.272044,"{""-20"": 0.09727272727272727, ""-18"": 0.09727272727272727, ""-16"": 0.09954545454545455, ""-14"": 0.12681818181818183, ""-12"": 0.18, ""-10"": 0.27, ""-8"": 0.4163636363636364, ""-6"": 0.5954545454545455, ""-4"": 0.7522727272727273, ""-2"": 0.8672727272727273, ""0"": 0.9131818181818182, ""2"": 0.9295454545454546, ""4"": 0.9254545454545454, ""6"": 0.9318181818181818, ""8"": 0.9327272727272727, ""10"": 0.9322727272727273, ""12"": 0.9359090909090909, ""14"": 0.9340909090909091, ""16"": 0.9313636363636364, ""18"": 0.9345454545454546}","{""-20"": 0.0, ""-18"": 0.04545454545454575, ""-16"": 0.0, ""-14"": 0.0, ""-12"": -0.04545454545454575, ""-10"": 0.0, ""-8"": 0.0909090909090915, ""-6"": 0.0, ""-4"": 0.04545454545454852, ""-2"": 0.0, ""0"": -0.04545454545454852, ""2"": -0.04545454545454852, ""4"": 0.0, ""6"": 0.0, ""8"": 0.0, ""10"": 0.0, ""12"": 0.0, ""14"": 0.0, ""16"": -0.04545454545453742, ""18"": 0.0}"
runs/iqformer_s3,ATTN=W6A32,0.6400454545454546,0.6620614009776946,-0.01136363636363713,138,39,34,0.6399729317539425,1.259756,"{""-20"": 0.09727272727272727, ""-18"": 0.09727272727272727, ""-16"": 0.1, ""-14"": 0.12681818181818183, ""-12"": 0.17909090909090908, ""-10"": 0.27090909090909093, ""-8"": 0.4159090909090909, ""-6"": 0.5954545454545455, ""-4"": 0.7518181818181818, ""-2"": 0.8663636363636363, ""0"": 0.9131818181818182, ""2"": 0.9286363636363636, ""4"": 0.9259090909090909, ""6"": 0.9318181818181818, ""8"": 0.9327272727272727, ""10"": 0.9327272727272727, ""12"": 0.9354545454545454, ""14"": 0.9345454545454546, ""16"": 0.9309090909090909, ""18"": 0.9340909090909091}","{""-20"": 0.0, ""-18"": 0.04545454545454575, ""-16"": 0.04545454545454575, ""-14"": 0.0, ""-12"": -0.13636363636363724, ""-10"": 0.0909090909090915, ""-8"": 0.04545454545454297, ""-6"": 0.0, ""-4"": 0.0, ""-2"": -0.09090909090909705, ""0"": -0.04545454545454852, ""2"": -0.13636363636364557, ""4"": 0.04545454545454852, ""6"": 0.0, ""8"": 0.0, ""10"": 0.04545454545454852, ""12"": -0.04545454545454852, ""14"": 0.04545454545454852, ""16"": -0.09090909090908594, ""18"": -0.04545454545454852}"
runs/iqformer_s3,ATTN=W4A32,0.6391136363636364,0.6604173851804362,-0.10454545454545716,782,219,173,0.022914052057290794,1.247468,"{""-20"": 0.09636363636363636, ""-18"": 0.09727272727272727, ""-16"": 0.10181818181818182, ""-14"": 0.12863636363636363, ""-12"": 0.18363636363636363, ""-10"": 0.27636363636363637, ""-8"": 0.41954545454545455, ""-6"": 0.5927272727272728, ""-4"": 0.7440909090909091, ""-2"": 0.8590909090909091, ""0"": 0.9086363636363637, ""2"": 0.9286363636363636, ""4"": 0.9236363636363636, ""6"": 0.9304545454545454, ""8"": 0.9304545454545454, ""10"": 0.9322727272727273, ""12"": 0.9331818181818182, ""14"": 0.9336363636363636, ""16"": 0.9304545454545454, ""18"": 0.9313636363636364}","{""-20"": -0.0909090909090915, ""-18"": 0.04545454545454575, ""-16"": 0.22727272727272735, ""-14"": 0.1818181818181802, ""-12"": 0.31818181818181746, ""-10"": 0.6363636363636349, ""-8"": 0.40909090909090895, ""-6"": -0.27272727272726893, ""-4"": -0.7727272727272694, ""-2"": -0.8181818181818179, ""0"": -0.5000000000000004, ""2"": -0.13636363636364557, ""4"": -0.181818181818183, ""6"": -0.13636363636363447, ""8"": -0.2272727272727315, ""10"": 0.0, ""12"": -0.27272727272726893, ""14"": -0.04545454545454852, ""16"": -0.13636363636363447, ""18"": -0.31818181818181746}"
runs/iqformer_s3,ATTN=W3A32,0.6388409090909091,0.661702269631376,-0.1318181818181885,1216,358,300,0.02620217281340356,1.241324,"{""-20"": 0.09681818181818182, ""-18"": 0.09863636363636363, ""-16"": 0.10227272727272728, ""-14"": 0.13136363636363638, ""-12"": 0.1859090909090909, ""-10"": 0.2777272727272727, ""-8"": 0.41454545454545455, ""-6"": 0.5804545454545454, ""-4"": 0.735, ""-2"": 0.8640909090909091, ""0"": 0.9059090909090909, ""2"": 0.9263636363636364, ""4"": 0.9259090909090909, ""6"": 0.9313636363636364, ""8"": 0.9318181818181818, ""10"": 0.9327272727272727, ""12"": 0.9359090909090909, ""14"": 0.9331818181818182, ""16"": 0.9331818181818182, ""18"": 0.9336363636363636}","{""-20"": -0.04545454545454575, ""-18"": 0.1818181818181816, ""-16"": 0.2727272727272731, ""-14"": 0.4545454545454547, ""-12"": 0.5454545454545462, ""-10"": 0.7727272727272694, ""-8"": -0.0909090909090915, ""-6"": -1.5000000000000013, ""-4"": -1.6818181818181843, ""-2"": -0.31818181818181746, ""0"": -0.7727272727272805, ""2"": -0.363636363636366, ""4"": 0.04545454545454852, ""6"": -0.04545454545453742, ""8"": -0.09090909090909705, ""10"": 0.04545454545454852, ""12"": 0.0, ""14"": -0.09090909090908594, ""16"": 0.13636363636364557, ""18"": -0.09090909090909705}"
runs/iqformer_s3,ATTN=W32A8,0.6400681818181818,0.6622902074799639,-0.009090909090914145,68,16,12,0.5715881884098053,1.416428,"{""-20"": 0.09727272727272727, ""-18"": 0.09636363636363636, ""-16"": 0.09954545454545455, ""-14"": 0.12681818181818183, ""-12"": 0.17954545454545454, ""-10"": 0.27, ""-8"": 0.4163636363636364, ""-6"": 0.595, ""-4"": 0.7518181818181818, ""-2"": 0.8672727272727273, ""0"": 0.9136363636363637, ""2"": 0.9295454545454546, ""4"": 0.925, ""6"": 0.9318181818181818, ""8"": 0.9327272727272727, ""10"": 0.9322727272727273, ""12"": 0.9359090909090909, ""14"": 0.9345454545454546, ""16"": 0.9313636363636364, ""18"": 0.9345454545454546}","{""-20"": 0.0, ""-18"": -0.04545454545454575, ""-16"": 0.0, ""-14"": 0.0, ""-12"": -0.0909090909090915, ""-10"": 0.0, ""-8"": 0.0909090909090915, ""-6"": -0.04545454545454852, ""-4"": 0.0, ""-2"": 0.0, ""0"": 0.0, ""2"": -0.04545454545454852, ""4"": -0.04545454545453742, ""6"": 0.0, ""8"": 0.0, ""10"": 0.0, ""12"": 0.0, ""14"": 0.04545454545454852, ""16"": -0.04545454545453742, ""18"": 0.0}"
runs/iqformer_s3,ATTN=W32A6,0.6400227272727272,0.6619252405376931,-0.013636363636371218,431,121,115,0.7449019490852559,1.416428,"{""-20"": 0.09727272727272727, ""-18"": 0.09727272727272727, ""-16"": 0.09727272727272727, ""-14"": 0.12545454545454546, ""-12"": 0.18181818181818182, ""-10"": 0.2759090909090909, ""-8"": 0.4168181818181818, ""-6"": 0.5927272727272728, ""-4"": 0.7504545454545455, ""-2"": 0.8663636363636363, ""0"": 0.9131818181818182, ""2"": 0.93, ""4"": 0.925, ""6"": 0.93, ""8"": 0.9327272727272727, ""10"": 0.9322727272727273, ""12"": 0.9354545454545454, ""14"": 0.9345454545454546, ""16"": 0.9304545454545454, ""18"": 0.9354545454545454}","{""-20"": 0.0, ""-18"": 0.04545454545454575, ""-16"": -0.22727272727272735, ""-14"": -0.13636363636363724, ""-12"": 0.13636363636363724, ""-10"": 0.5909090909090864, ""-8"": 0.13636363636363447, ""-6"": -0.27272727272726893, ""-4"": -0.13636363636363447, ""-2"": -0.09090909090909705, ""0"": -0.04545454545454852, ""2"": 0.0, ""4"": -0.04545454545453742, ""6"": -0.1818181818181719, ""8"": 0.0, ""10"": 0.0, ""12"": -0.04545454545454852, ""14"": 0.04545454545454852, ""16"": -0.13636363636363447, ""18"": 0.09090909090908594}"
runs/iqformer_s3,ATTN=W32A4,0.6239772727272728,0.6423281901170103,-1.6181818181818186,5936,2144,1432,8.341748322887662e-33,1.416428,"{""-20"": 0.09454545454545454, ""-18"": 0.09863636363636363, ""-16"": 0.10272727272727272, ""-14"": 0.145, ""-12"": 0.20045454545454544, ""-10"": 0.28136363636363637, ""-8"": 0.4131818181818182, ""-6"": 0.5563636363636364, ""-4"": 0.7031818181818181, ""-2"": 0.8227272727272728, ""0"": 0.8786363636363637, ""2"": 0.9036363636363637, ""4"": 0.8981818181818182, ""6"": 0.9195454545454546, ""8"": 0.9090909090909091, ""10"": 0.9036363636363637, ""12"": 0.9163636363636364, ""14"": 0.9154545454545454, ""16"": 0.9054545454545454, ""18"": 0.9113636363636364}","{""-20"": -0.2727272727272731, ""-18"": 0.1818181818181816, ""-16"": 0.31818181818181746, ""-14"": 1.8181818181818161, ""-12"": 1.9999999999999991, ""-10"": 1.1363636363636354, ""-8"": -0.22727272727272596, ""-6"": -3.9090909090909065, ""-4"": -4.86363636363637, ""-2"": -4.454545454545455, ""0"": -3.500000000000003, ""2"": -2.6363636363636367, ""4"": -2.7272727272727226, ""6"": -1.2272727272727213, ""8"": -2.3636363636363678, ""10"": -2.863636363636357, ""12"": -1.9545454545454533, ""14"": -1.8636363636363673, ""16"": -2.6363636363636367, ""18"": -2.3181818181818192}"
runs/iqformer_s3,LSTM=W8A8,0.6406590909090909,0.6627005945789978,0.04999999999999449,134,18,40,0.005354859650800294,1.297644,"{""-20"": 0.09818181818181818, ""-18"": 0.09863636363636363, ""-16"": 0.10045454545454545, ""-14"": 0.12636363636363637, ""-12"": 0.18181818181818182, ""-10"": 0.27, ""-8"": 0.41863636363636364, ""-6"": 0.5972727272727273, ""-4"": 0.7540909090909091, ""-2"": 0.8672727272727273, ""0"": 0.9140909090909091, ""2"": 0.9295454545454546, ""4"": 0.9254545454545454, ""6"": 0.9318181818181818, ""8"": 0.9327272727272727, ""10"": 0.9318181818181818, ""12"": 0.9359090909090909, ""14"": 0.9340909090909091, ""16"": 0.9304545454545454, ""18"": 0.9345454545454546}","{""-20"": 0.0909090909090901, ""-18"": 0.1818181818181816, ""-16"": 0.0909090909090901, ""-14"": -0.04545454545454575, ""-12"": 0.13636363636363724, ""-10"": 0.0, ""-8"": 0.31818181818181746, ""-6"": 0.181818181818183, ""-4"": 0.2272727272727315, ""-2"": 0.0, ""0"": 0.04545454545453742, ""2"": -0.04545454545454852, ""4"": 0.0, ""6"": 0.0, ""8"": 0.0, ""10"": -0.04545454545454852, ""12"": 0.0, ""14"": 0.0, ""16"": -0.13636363636363447, ""18"": 0.0}"
runs/iqformer_s3,LSTM=W6A6,0.640090909090909,0.6623367595356415,-0.00681818181819116,523,131,128,0.9011297133369316,1.287404,"{""-20"": 0.09727272727272727, ""-18"": 0.09681818181818182, ""-16"": 0.1009090909090909, ""-14"": 0.12590909090909091, ""-12"": 0.1809090909090909, ""-10"": 0.2722727272727273, ""-8"": 0.4163636363636364, ""-6"": 0.5963636363636363, ""-4"": 0.7518181818181818, ""-2"": 0.8672727272727273, ""0"": 0.9131818181818182, ""2"": 0.9304545454545454, ""4"": 0.9254545454545454, ""6"": 0.9313636363636364, ""8"": 0.9322727272727273, ""10"": 0.9322727272727273, ""12"": 0.9340909090909091, ""14"": 0.9331818181818182, ""16"": 0.93, ""18"": 0.9336363636363636}","{""-20"": 0.0, ""-18"": 0.0, ""-16"": 0.13636363636363585, ""-14"": -0.0909090909090915, ""-12"": 0.04545454545454575, ""-10"": 0.22727272727272596, ""-8"": 0.0909090909090915, ""-6"": 0.09090909090908594, ""-4"": 0.0, ""-2"": 0.0, ""0"": -0.04545454545454852, ""2"": 0.04545454545453742, ""4"": 0.0, ""6"": -0.04545454545453742, ""8"": -0.04545454545454852, ""10"": 0.0, ""12"": -0.181818181818183, ""14"": -0.09090909090908594, ""16"": -0.1818181818181719, ""18"": -0.09090909090909705}"
runs/iqformer_s3,LSTM=W4A4,0.6296818181818182,0.644665951785221,-1.0477272727272724,4122,1183,722,3.276799918242293e-26,1.277164,"{""-20"": 0.09727272727272727, ""-18"": 0.10045454545454545, ""-16"": 0.10363636363636364, ""-14"": 0.13272727272727272, ""-12"": 0.1740909090909091, ""-10"": 0.2690909090909091, ""-8"": 0.38545454545454544, ""-6"": 0.5854545454545454, ""-4"": 0.7454545454545455, ""-2"": 0.8536363636363636, ""0"": 0.8972727272727272, ""2"": 0.9113636363636364, ""4"": 0.9095454545454545, ""6"": 0.9154545454545454, ""8"": 0.9154545454545454, ""10"": 0.9168181818181819, ""12"": 0.9195454545454546, ""14"": 0.9177272727272727, ""16"": 0.9240909090909091, ""18"": 0.9190909090909091}","{""-20"": 0.0, ""-18"": 0.3636363636363632, ""-16"": 0.40909090909090895, ""-14"": 0.5909090909090892, ""-12"": -0.6363636363636349, ""-10"": -0.0909090909090915, ""-8"": -3.0000000000000027, ""-6"": -1.0000000000000009, ""-4"": -0.6363636363636349, ""-2"": -1.3636363636363669, ""0"": -1.636363636363647, ""2"": -1.8636363636363673, ""4"": -1.5909090909090873, ""6"": -1.6363636363636358, ""8"": -1.7272727272727328, ""10"": -1.5454545454545388, ""12"": -1.6363636363636358, ""14"": -1.6363636363636358, ""16"": -0.7727272727272694, ""18"": -1.5454545454545499}"
runs/iqformer_s3,LSTM=W8A32,0.6403409090909091,0.6624225118354915,0.01818181818181719,102,16,24,0.26818725105476915,1.297644,"{""-20"": 0.09727272727272727, ""-18"": 0.09818181818181818, ""-16"": 0.10045454545454545, ""-14"": 0.12590909090909091, ""-12"": 0.1809090909090909, ""-10"": 0.27045454545454545, ""-8"": 0.4163636363636364, ""-6"": 0.5959090909090909, ""-4"": 0.7531818181818182, ""-2"": 0.8672727272727273, ""0"": 0.9136363636363637, ""2"": 0.9304545454545454, ""4"": 0.925, ""6"": 0.9318181818181818, ""8"": 0.9327272727272727, ""10"": 0.9322727272727273, ""12"": 0.9354545454545454, ""14"": 0.9345454545454546, ""16"": 0.9304545454545454, ""18"": 0.9345454545454546}","{""-20"": 0.0, ""-18"": 0.13636363636363585, ""-16"": 0.0909090909090901, ""-14"": -0.0909090909090915, ""-12"": 0.04545454545454575, ""-10"": 0.04545454545454297, ""-8"": 0.0909090909090915, ""-6"": 0.04545454545454852, ""-4"": 0.13636363636363447, ""-2"": 0.0, ""0"": 0.0, ""2"": 0.04545454545453742, ""4"": -0.04545454545453742, ""6"": 0.0, ""8"": 0.0, ""10"": 0.0, ""12"": -0.04545454545454852, ""14"": 0.04545454545454852, ""16"": -0.13636363636363447, ""18"": 0.0}"
runs/iqformer_s3,LSTM=W6A32,0.6403409090909091,0.6625908136929778,0.01818181818181719,271,56,64,0.522990983889995,1.287404,"{""-20"": 0.09681818181818182, ""-18"": 0.09909090909090909, ""-16"": 0.10045454545454545, ""-14"": 0.12727272727272726, ""-12"": 0.18, ""-10"": 0.2731818181818182, ""-8"": 0.41409090909090907, ""-6"": 0.5986363636363636, ""-4"": 0.7504545454545455, ""-2"": 0.8672727272727273, ""0"": 0.9127272727272727, ""2"": 0.9304545454545454, ""4"": 0.9254545454545454, ""6"": 0.9318181818181818, ""8"": 0.9322727272727273, ""10"": 0.9318181818181818, ""12"": 0.9354545454545454, ""14"": 0.9345454545454546, ""16"": 0.9309090909090909, ""18"": 0.9340909090909091}","{""-20"": -0.04545454545454575, ""-18"": 0.22727272727272735, ""-16"": 0.0909090909090901, ""-14"": 0.04545454545454297, ""-12"": -0.04545454545454575, ""-10"": 0.31818181818181746, ""-8"": -0.13636363636364002, ""-6"": 0.31818181818181746, ""-4"": -0.13636363636363447, ""-2"": 0.0, ""0"": -0.09090909090909705, ""2"": 0.04545454545453742, ""4"": 0.0, ""6"": 0.0, ""8"": -0.04545454545454852, ""10"": -0.04545454545454852, ""12"": -0.04545454545454852, ""14"": 0.04545454545454852, ""16"": -0.09090909090908594, ""18"": -0.04545454545454852}"
runs/iqformer_s3,LSTM=W4A32,0.6399772727272727,0.6605422865232707,-0.01818181818182829,985,223,215,0.7380655086333203,1.277164,"{""-20"": 0.09454545454545454, ""-18"": 0.09727272727272727, ""-16"": 0.1009090909090909, ""-14"": 0.1290909090909091, ""-12"": 0.18363636363636363, ""-10"": 0.27545454545454545, ""-8"": 0.4159090909090909, ""-6"": 0.5940909090909091, ""-4"": 0.7504545454545455, ""-2"": 0.8663636363636363, ""0"": 0.9145454545454546, ""2"": 0.9281818181818182, ""4"": 0.9254545454545454, ""6"": 0.93, ""8"": 0.9309090909090909, ""10"": 0.9304545454545454, ""12"": 0.9322727272727273, ""14"": 0.9340909090909091, ""16"": 0.9309090909090909, ""18"": 0.935}","{""-20"": -0.2727272727272731, ""-18"": 0.04545454545454575, ""-16"": 0.13636363636363585, ""-14"": 0.22727272727272596, ""-12"": 0.31818181818181746, ""-10"": 0.5454545454545434, ""-8"": 0.04545454545454297, ""-6"": -0.13636363636363447, ""-4"": -0.13636363636363447, ""-2"": -0.09090909090909705, ""0"": 0.09090909090908594, ""2"": -0.181818181818183, ""4"": 0.0, ""6"": -0.1818181818181719, ""8"": -0.181818181818183, ""10"": -0.181818181818183, ""12"": -0.363636363636366, ""14"": 0.0, ""16"": -0.09090909090908594, ""18"": 0.04545454545454852}"
runs/iqformer_s3,LSTM=W3A32,0.635090909090909,0.6538262152930276,-0.5068181818181916,2386,680,457,3.989665113362362e-11,1.272044,"{""-20"": 0.09409090909090909, ""-18"": 0.09863636363636363, ""-16"": 0.10227272727272728, ""-14"": 0.13, ""-12"": 0.1890909090909091, ""-10"": 0.2772727272727273, ""-8"": 0.4163636363636364, ""-6"": 0.5945454545454546, ""-4"": 0.7327272727272728, ""-2"": 0.8404545454545455, ""0"": 0.9031818181818182, ""2"": 0.9245454545454546, ""4"": 0.9177272727272727, ""6"": 0.9263636363636364, ""8"": 0.925, ""10"": 0.9245454545454546, ""12"": 0.9245454545454546, ""14"": 0.9290909090909091, ""16"": 0.9281818181818182, ""18"": 0.9231818181818182}","{""-20"": -0.31818181818181884, ""-18"": 0.1818181818181816, ""-16"": 0.2727272727272731, ""-14"": 0.31818181818181746, ""-12"": 0.8636363636363636, ""-10"": 0.7272727272727264, ""-8"": 0.0909090909090915, ""-6"": -0.09090909090908594, ""-4"": -1.9090909090909047, ""-2"": -2.681818181818185, ""0"": -1.0454545454545494, ""2"": -0.545454545454549, ""4"": -0.7727272727272694, ""6"": -0.5454545454545379, ""8"": -0.7727272727272694, ""10"": -0.7727272727272694, ""12"": -1.1363636363636354, ""14"": -0.5000000000000004, ""16"": -0.3636363636363549, ""18"": -1.1363636363636354}"
runs/iqformer_s3,LSTM=W32A8,0.6402045454545454,0.6623605817336148,0.0045454545454459705,76,19,21,0.8746293123804207,1.416428,"{""-20"": 0.09772727272727273, ""-18"": 0.09772727272727273, ""-16"": 0.09954545454545455, ""-14"": 0.12636363636363637, ""-12"": 0.18045454545454545, ""-10"": 0.27045454545454545, ""-8"": 0.4168181818181818, ""-6"": 0.5936363636363636, ""-4"": 0.7522727272727273, ""-2"": 0.8672727272727273, ""0"": 0.9136363636363637, ""2"": 0.93, ""4"": 0.9254545454545454, ""6"": 0.9318181818181818, ""8"": 0.9327272727272727, ""10"": 0.9322727272727273, ""12"": 0.9359090909090909, ""14"": 0.9340909090909091, ""16"": 0.9309090909090909, ""18"": 0.935}","{""-20"": 0.04545454545454575, ""-18"": 0.0909090909090915, ""-16"": 0.0, ""-14"": -0.04545454545454575, ""-12"": 0.0, ""-10"": 0.04545454545454297, ""-8"": 0.13636363636363447, ""-6"": -0.181818181818183, ""-4"": 0.04545454545454852, ""-2"": 0.0, ""0"": 0.0, ""2"": 0.0, ""4"": 0.0, ""6"": 0.0, ""8"": 0.0, ""10"": 0.0, ""12"": 0.0, ""14"": 0.0, ""16"": -0.09090909090908594, ""18"": 0.04545454545454852}"
runs/iqformer_s3,LSTM=W32A6,0.6403181818181818,0.6625134552434466,0.0159090909090831,396,100,107,0.6767596279775558,1.416428,"{""-20"": 0.09772727272727273, ""-18"": 0.09727272727272727, ""-16"": 0.09909090909090909, ""-14"": 0.12636363636363637, ""-12"": 0.17863636363636365, ""-10"": 0.2727272727272727, ""-8"": 0.4172727272727273, ""-6"": 0.5977272727272728, ""-4"": 0.755, ""-2"": 0.8668181818181818, ""0"": 0.9131818181818182, ""2"": 0.9313636363636364, ""4"": 0.925, ""6"": 0.9318181818181818, ""8"": 0.9322727272727273, ""10"": 0.9327272727272727, ""12"": 0.9336363636363636, ""14"": 0.9336363636363636, ""16"": 0.93, ""18"": 0.9340909090909091}","{""-20"": 0.04545454545454575, ""-18"": 0.04545454545454575, ""-16"": -0.04545454545454575, ""-14"": -0.04545454545454575, ""-12"": -0.1818181818181802, ""-10"": 0.27272727272726893, ""-8"": 0.181818181818183, ""-6"": 0.2272727272727315, ""-4"": 0.31818181818181746, ""-2"": -0.04545454545454852, ""0"": -0.04545454545454852, ""2"": 0.13636363636363447, ""4"": -0.04545454545453742, ""6"": 0.0, ""8"": -0.04545454545454852, ""10"": 0.04545454545454852, ""12"": -0.2272727272727315, ""14"": -0.04545454545454852, ""16"": -0.1818181818181719, ""18"": -0.04545454545454852}"
runs/iqformer_s3,LSTM=W32A4,0.6309318181818182,0.6481803083554403,-0.9227272727272751,3415,1036,630,2.024297031189837e-23,1.416428,"{""-20"": 0.09545454545454546, ""-18"": 0.09772727272727273, ""-16"": 0.10681818181818181, ""-14"": 0.12590909090909091, ""-12"": 0.17727272727272728, ""-10"": 0.26227272727272727, ""-8"": 0.3886363636363636, ""-6"": 0.5836363636363636, ""-4"": 0.7427272727272727, ""-2"": 0.8595454545454545, ""0"": 0.8986363636363637, ""2"": 0.9168181818181819, ""4"": 0.9140909090909091, ""6"": 0.92, ""8"": 0.9172727272727272, ""10"": 0.9213636363636364, ""12"": 0.9218181818181819, ""14"": 0.9204545454545454, ""16"": 0.9263636363636364, ""18"": 0.9218181818181819}","{""-20"": -0.1818181818181816, ""-18"": 0.0909090909090915, ""-16"": 0.7272727272727264, ""-14"": -0.0909090909090915, ""-12"": -0.31818181818181746, ""-10"": -0.7727272727272749, ""-8"": -2.681818181818185, ""-6"": -1.1818181818181839, ""-4"": -0.909090909090915, ""-2"": -0.7727272727272805, ""0"": -1.5000000000000013, ""2"": -1.3181818181818183, ""4"": -1.1363636363636354, ""6"": -1.1818181818181728, ""8"": -1.5454545454545499, ""10"": -1.0909090909090868, ""12"": -1.4090909090909043, ""14"": -1.3636363636363669, ""16"": -0.5454545454545379, ""18"": -1.2727272727272698}"
runs/iqformer_s3,HEAD=W8A8,0.6402272727272728,0.6624557525990613,0.006818181818180058,202,40,43,0.8264047244491923,1.41436,"{""-20"": 0.09681818181818182, ""-18"": 0.09636363636363636, ""-16"": 0.09909090909090909, ""-14"": 0.12772727272727272, ""-12"": 0.1781818181818182, ""-10"": 0.27136363636363636, ""-8"": 0.41863636363636364, ""-6"": 0.5927272727272728, ""-4"": 0.7518181818181818, ""-2"": 0.8672727272727273, ""0"": 0.9140909090909091, ""2"": 0.9309090909090909, ""4"": 0.9254545454545454, ""6"": 0.9318181818181818, ""8"": 0.9327272727272727, ""10"": 0.9322727272727273, ""12"": 0.9363636363636364, ""14"": 0.9340909090909091, ""16"": 0.9318181818181818, ""18"": 0.935}","{""-20"": -0.04545454545454575, ""-18"": -0.04545454545454575, ""-16"": -0.04545454545454575, ""-14"": 0.09090909090908872, ""-12"": -0.22727272727272596, ""-10"": 0.13636363636363447, ""-8"": 0.31818181818181746, ""-6"": -0.27272727272726893, ""-4"": 0.0, ""-2"": 0.0, ""0"": 0.04545454545453742, ""2"": 0.09090909090908594, ""4"": 0.0, ""6"": 0.0, ""8"": 0.0, ""10"": 0.0, ""12"": 0.04545454545454852, ""14"": 0.0, ""16"": 0.0, ""18"": 0.04545454545454852}"
runs/iqformer_s3,HEAD=W6A6,0.6410454545454546,0.6631274978310043,0.08863636363636296,800,161,200,0.045350445003848196,1.414184,"{""-20"": 0.09727272727272727, ""-18"": 0.10136363636363636, ""-16"": 0.10272727272727272, ""-14"": 0.13136363636363638, ""-12"": 0.18454545454545454, ""-10"": 0.27454545454545454, ""-8"": 0.4127272727272727, ""-6"": 0.5963636363636363, ""-4"": 0.7522727272727273, ""-2"": 0.8677272727272727, ""0"": 0.9136363636363637, ""2"": 0.9281818181818182, ""4"": 0.9263636363636364, ""6"": 0.9322727272727273, ""8"": 0.9327272727272727, ""10"": 0.9322727272727273, ""12"": 0.9340909090909091, ""14"": 0.9340909090909091, ""16"": 0.9309090909090909, ""18"": 0.9354545454545454}","{""-20"": 0.0, ""-18"": 0.4545454545454547, ""-16"": 0.31818181818181746, ""-14"": 0.4545454545454547, ""-12"": 0.40909090909090895, ""-10"": 0.4545454545454519, ""-8"": -0.2727272727272745, ""-6"": 0.09090909090908594, ""-4"": 0.04545454545454852, ""-2"": 0.04545454545453742, ""0"": 0.0, ""2"": -0.181818181818183, ""4"": 0.09090909090909705, ""6"": 0.04545454545454852, ""8"": 0.0, ""10"": 0.0, ""12"": -0.181818181818183, ""14"": 0.0, ""16"": -0.09090909090908594, ""18"": 0.09090909090908594}"
runs/iqformer_s3,HEAD=W4A4,0.6329090909090909,0.648597217086627,-0.725000000000009,4573,1043,724,3.317251469557922e-14,1.414008,"{""-20"": 0.09954545454545455, ""-18"": 0.10318181818181818, ""-16"": 0.11181818181818182, ""-14"": 0.1318181818181818, ""-12"": 0.19136363636363637, ""-10"": 0.26181818181818184, ""-8"": 0.3886363636363636, ""-6"": 0.5786363636363636, ""-4"": 0.7454545454545455, ""-2"": 0.8563636363636363, ""0"": 0.905, ""2"": 0.9222727272727272, ""4"": 0.915, ""6"": 0.9190909090909091, ""8"": 0.9195454545454546, ""10"": 0.9172727272727272, ""12"": 0.9231818181818182, ""14"": 0.9245454545454546, ""16"": 0.9222727272727272, ""18"": 0.9213636363636364}","{""-20"": 0.22727272727272735, ""-18"": 0.6363636363636362, ""-16"": 1.2272727272727268, ""-14"": 0.49999999999999767, ""-12"": 1.0909090909090924, ""-10"": -0.8181818181818179, ""-8"": -2.681818181818185, ""-6"": -1.6818181818181843, ""-4"": -0.6363636363636349, ""-2"": -1.090909090909098, ""0"": -0.8636363636363664, ""2"": -0.7727272727272805, ""4"": -1.0454545454545383, ""6"": -1.2727272727272698, ""8"": -1.3181818181818183, ""10"": -1.5000000000000013, ""12"": -1.2727272727272698, ""14"": -0.9545454545454524, ""16"": -0.9545454545454524, ""18"": -1.3181818181818183}"
runs/iqformer_s3,HEAD=W8A32,0.6400681818181818,0.6622136119154942,-0.009090909090914145,31,11,7,0.480682373046875,1.41436,"{""-20"": 0.09727272727272727, ""-18"": 0.09681818181818182, ""-16"": 0.09954545454545455, ""-14"": 0.12681818181818183, ""-12"": 0.17954545454545454, ""-10"": 0.27136363636363636, ""-8"": 0.41545454545454547, ""-6"": 0.5931818181818181, ""-4"": 0.7522727272727273, ""-2"": 0.8668181818181818, ""0"": 0.9136363636363637, ""2"": 0.93, ""4"": 0.9254545454545454, ""6"": 0.9318181818181818, ""8"": 0.9327272727272727, ""10"": 0.9322727272727273, ""12"": 0.9359090909090909, ""14"": 0.9340909090909091, ""16"": 0.9318181818181818, ""18"": 0.9345454545454546}","{""-20"": 0.0, ""-18"": 0.0, ""-16"": 0.0, ""-14"": 0.0, ""-12"": -0.0909090909090915, ""-10"": 0.13636363636363447, ""-8"": 0.0, ""-6"": -0.2272727272727315, ""-4"": 0.04545454545454852, ""-2"": -0.04545454545454852, ""0"": 0.0, ""2"": 0.0, ""4"": 0.0, ""6"": 0.0, ""8"": 0.0, ""10"": 0.0, ""12"": 0.0, ""14"": 0.0, ""16"": 0.0, ""18"": 0.0}"
runs/iqformer_s3,HEAD=W6A32,0.6401363636363636,0.6623010895545786,-0.0022727272727340875,115,26,25,1.0,1.414184,"{""-20"": 0.09772727272727273, ""-18"": 0.09727272727272727, ""-16"": 0.1, ""-14"": 0.12636363636363637, ""-12"": 0.1809090909090909, ""-10"": 0.2727272727272727, ""-8"": 0.4131818181818182, ""-6"": 0.5931818181818181, ""-4"": 0.7522727272727273, ""-2"": 0.8668181818181818, ""0"": 0.9140909090909091, ""2"": 0.9295454545454546, ""4"": 0.9254545454545454, ""6"": 0.9322727272727273, ""8"": 0.9327272727272727, ""10"": 0.9322727272727273, ""12"": 0.9359090909090909, ""14"": 0.9340909090909091, ""16"": 0.9313636363636364, ""18"": 0.9345454545454546}","{""-20"": 0.04545454545454575, ""-18"": 0.04545454545454575, ""-16"": 0.04545454545454575, ""-14"": -0.04545454545454575, ""-12"": 0.04545454545454575, ""-10"": 0.27272727272726893, ""-8"": -0.22727272727272596, ""-6"": -0.2272727272727315, ""-4"": 0.04545454545454852, ""-2"": -0.04545454545454852, ""0"": 0.04545454545453742, ""2"": -0.04545454545454852, ""4"": 0.0, ""6"": 0.04545454545454852, ""8"": 0.0, ""10"": 0.0, ""12"": 0.0, ""14"": 0.0, ""16"": -0.04545454545453742, ""18"": 0.0}"
runs/iqformer_s3,HEAD=W4A32,0.6398409090909091,0.6621094320405768,-0.03181818181818841,599,172,158,0.47427698603979684,1.414008,"{""-20"": 0.0959090909090909, ""-18"": 0.09772727272727273, ""-16"": 0.09772727272727273, ""-14"": 0.11818181818181818, ""-12"": 0.17272727272727273, ""-10"": 0.26954545454545453, ""-8"": 0.42272727272727273, ""-6"": 0.6013636363636363, ""-4"": 0.755, ""-2"": 0.8677272727272727, ""0"": 0.9127272727272727, ""2"": 0.9304545454545454, ""4"": 0.9254545454545454, ""6"": 0.9304545454545454, ""8"": 0.9322727272727273, ""10"": 0.9318181818181818, ""12"": 0.935, ""14"": 0.9345454545454546, ""16"": 0.9304545454545454, ""18"": 0.935}","{""-20"": -0.13636363636363724, ""-18"": 0.0909090909090915, ""-16"": -0.1818181818181816, ""-14"": -0.8636363636363651, ""-12"": -0.7727272727272722, ""-10"": -0.04545454545454852, ""-8"": 0.7272727272727264, ""-6"": 0.5909090909090864, ""-4"": 0.31818181818181746, ""-2"": 0.04545454545453742, ""0"": -0.09090909090909705, ""2"": 0.04545454545453742, ""4"": 0.0, ""6"": -0.13636363636363447, ""8"": -0.04545454545454852, ""10"": -0.04545454545454852, ""12"": -0.09090909090908594, ""14"": 0.04545454545454852, ""16"": -0.13636363636363447, ""18"": 0.04545454545454852}"
runs/iqformer_s3,HEAD=W3A32,0.6385227272727273,0.6655355227875536,-0.1636363636363658,2526,913,841,0.08999212772305352,1.41392,"{""-20"": 0.09272727272727273, ""-18"": 0.09772727272727273, ""-16"": 0.09818181818181818, ""-14"": 0.12818181818181817, ""-12"": 0.18227272727272728, ""-10"": 0.25545454545454543, ""-8"": 0.4068181818181818, ""-6"": 0.600909090909091, ""-4"": 0.7563636363636363, ""-2"": 0.8645454545454545, ""0"": 0.9090909090909091, ""2"": 0.9281818181818182, ""4"": 0.9240909090909091, ""6"": 0.9318181818181818, ""8"": 0.9318181818181818, ""10"": 0.9386363636363636, ""12"": 0.9277272727272727, ""14"": 0.9372727272727273, ""16"": 0.9186363636363636, ""18"": 0.94}","{""-20"": -0.4545454545454547, ""-18"": 0.0909090909090915, ""-16"": -0.13636363636363724, ""-14"": 0.13636363636363447, ""-12"": 0.181818181818183, ""-10"": -1.4545454545454584, ""-8"": -0.8636363636363664, ""-6"": 0.545454545454549, ""-4"": 0.4545454545454519, ""-2"": -0.27272727272728003, ""0"": -0.454545454545463, ""2"": -0.181818181818183, ""4"": -0.13636363636363447, ""6"": 0.0, ""8"": -0.09090909090909705, ""10"": 0.6363636363636349, ""12"": -0.8181818181818179, ""14"": 0.31818181818181746, ""16"": -1.3181818181818183, ""18"": 0.5454545454545379}"
runs/iqformer_s3,HEAD=W32A8,0.6402045454545454,0.6624687135491419,0.0045454545454459705,199,42,44,0.9142116370824498,1.416428,"{""-20"": 0.09636363636363636, ""-18"": 0.09636363636363636, ""-16"": 0.09954545454545455, ""-14"": 0.12772727272727272, ""-12"": 0.1781818181818182, ""-10"": 0.27090909090909093, ""-8"": 0.41863636363636364, ""-6"": 0.5927272727272728, ""-4"": 0.7513636363636363, ""-2"": 0.8672727272727273, ""0"": 0.9145454545454546, ""2"": 0.9309090909090909, ""4"": 0.9254545454545454, ""6"": 0.9318181818181818, ""8"": 0.9327272727272727, ""10"": 0.9322727272727273, ""12"": 0.9363636363636364, ""14"": 0.9340909090909091, ""16"": 0.9318181818181818, ""18"": 0.935}","{""-20"": -0.0909090909090915, ""-18"": -0.04545454545454575, ""-16"": 0.0, ""-14"": 0.09090909090908872, ""-12"": -0.22727272727272596, ""-10"": 0.0909090909090915, ""-8"": 0.31818181818181746, ""-6"": -0.27272727272726893, ""-4"": -0.04545454545454852, ""-2"": 0.0, ""0"": 0.09090909090908594, ""2"": 0.09090909090908594, ""4"": 0.0, ""6"": 0.0, ""8"": 0.0, ""10"": 0.0, ""12"": 0.04545454545454852, ""14"": 0.0, ""16"": 0.0, ""18"": 0.04545454545454852}"
runs/iqformer_s3,HEAD=W32A6,0.6409090909090909,0.6631317053725123,0.07499999999999174,777,152,185,0.08115363269345027,1.416428,"{""-20"": 0.09772727272727273, ""-18"": 0.10045454545454545, ""-16"": 0.10227272727272728, ""-14"": 0.13136363636363638, ""-12"": 0.18272727272727274, ""-10"": 0.27, ""-8"": 0.4131818181818182, ""-6"": 0.5972727272727273, ""-4"": 0.7536363636363637, ""-2"": 0.8672727272727273, ""0"": 0.9140909090909091, ""2"": 0.9286363636363636, ""4"": 0.9263636363636364, ""6"": 0.9322727272727273, ""8"": 0.9327272727272727, ""10"": 0.9322727272727273, ""12"": 0.9345454545454546, ""14"": 0.935, ""16"": 0.9309090909090909, ""18"": 0.9354545454545454}","{""-20"": 0.04545454545454575, ""-18"": 0.3636363636363632, ""-16"": 0.2727272727272731, ""-14"": 0.4545454545454547, ""-12"": 0.22727272727272874, ""-10"": 0.0, ""-8"": -0.22727272727272596, ""-6"": 0.181818181818183, ""-4"": 0.181818181818183, ""-2"": 0.0, ""0"": 0.04545454545453742, ""2"": -0.13636363636364557, ""4"": 0.09090909090909705, ""6"": 0.04545454545454852, ""8"": 0.0, ""10"": 0.0, ""12"": -0.13636363636363447, ""14"": 0.09090909090909705, ""16"": -0.09090909090908594, ""18"": 0.09090909090908594}"
runs/iqformer_s3,HEAD=W32A4,0.6331818181818182,0.6490523735313354,-0.6977272727272776,4604,1034,727,2.669055046140574e-13,1.416428,"{""-20"": 0.10272727272727272, ""-18"": 0.10590909090909091, ""-16"": 0.11090909090909092, ""-14"": 0.135, ""-12"": 0.19818181818181818, ""-10"": 0.27090909090909093, ""-8"": 0.3809090909090909, ""-6"": 0.5727272727272728, ""-4"": 0.7377272727272727, ""-2"": 0.8531818181818182, ""0"": 0.9036363636363637, ""2"": 0.9231818181818182, ""4"": 0.9145454545454546, ""6"": 0.9209090909090909, ""8"": 0.9204545454545454, ""10"": 0.9181818181818182, ""12"": 0.9231818181818182, ""14"": 0.9259090909090909, ""16"": 0.9222727272727272, ""18"": 0.9231818181818182}","{""-20"": 0.5454545454545447, ""-18"": 0.9090909090909094, ""-16"": 1.1363636363636367, ""-14"": 0.8181818181818179, ""-12"": 1.772727272727273, ""-10"": 0.0909090909090915, ""-8"": -3.4545454545454546, ""-6"": -2.2727272727272707, ""-4"": -1.4090909090909154, ""-2"": -1.4090909090909154, ""0"": -1.0000000000000009, ""2"": -0.6818181818181834, ""4"": -1.0909090909090868, ""6"": -1.0909090909090868, ""8"": -1.2272727272727324, ""10"": -1.4090909090909043, ""12"": -1.2727272727272698, ""14"": -0.8181818181818179, ""16"": -0.9545454545454524, ""18"": -1.1363636363636354}"
