run,spec,overall,macro_f1,delta_pp,changed,worse,better,mcnemar_p,weight_MB,per_snr,delta_per_snr
runs/iqformer_s1,FP32,0.6343863636363636,0.6564535953254628,0.0,0,0,0,1.0,1.420196,"{""-20"": 0.09772727272727273, ""-18"": 0.10454545454545454, ""-16"": 0.10227272727272728, ""-14"": 0.145, ""-12"": 0.18545454545454546, ""-10"": 0.2540909090909091, ""-8"": 0.3795454545454545, ""-6"": 0.5854545454545454, ""-4"": 0.7354545454545455, ""-2"": 0.8468181818181818, ""0"": 0.905, ""2"": 0.9231818181818182, ""4"": 0.9240909090909091, ""6"": 0.9304545454545454, ""8"": 0.9254545454545454, ""10"": 0.9277272727272727, ""12"": 0.9277272727272727, ""14"": 0.9336363636363636, ""16"": 0.9304545454545454, ""18"": 0.9236363636363636}",
runs/iqformer_s1,CONV=W8A8,0.63425,0.6560748945545873,-0.013636363636360116,502,149,143,0.769884407148196,0.657652,"{""-20"": 0.09772727272727273, ""-18"": 0.10272727272727272, ""-16"": 0.10272727272727272, ""-14"": 0.1431818181818182, ""-12"": 0.18636363636363637, ""-10"": 0.2531818181818182, ""-8"": 0.37636363636363634, ""-6"": 0.5831818181818181, ""-4"": 0.7372727272727273, ""-2"": 0.8468181818181818, ""0"": 0.9036363636363637, ""2"": 0.9236363636363636, ""4"": 0.925, ""6"": 0.9304545454545454, ""8"": 0.9259090909090909, ""10"": 0.9268181818181818, ""12"": 0.9295454545454546, ""14"": 0.9318181818181818, ""16"": 0.9277272727272727, ""18"": 0.9309090909090909}","{""-20"": 0.0, ""-18"": -0.1818181818181816, ""-16"": 0.04545454545454436, ""-14"": -0.1818181818181802, ""-12"": 0.0909090909090915, ""-10"": -0.0909090909090915, ""-8"": -0.31818181818181746, ""-6"": -0.2272727272727315, ""-4"": 0.181818181818183, ""-2"": 0.0, ""0"": -0.13636363636363447, ""2"": 0.04545454545453742, ""4"": 0.09090909090909705, ""6"": 0.0, ""8"": 0.04545454545454852, ""10"": -0.09090909090909705, ""12"": 0.181818181818183, ""14"": -0.181818181818183, ""16"": -0.27272727272726893, ""18"": 0.727272727272732}"
runs/iqformer_s1,CONV=W6A6,0.6297272727272727,0.6524671671809423,-0.46590909090908905,2855,977,772,1.0435114357589971e-06,0.59337,"{""-20"": 0.09772727272727273, ""-18"": 0.10363636363636364, ""-16"": 0.10272727272727272, ""-14"": 0.13772727272727273, ""-12"": 0.185, ""-10"": 0.2559090909090909, ""-8"": 0.3659090909090909, ""-6"": 0.5686363636363636, ""-4"": 0.7322727272727273, ""-2"": 0.845, ""0"": 0.9013636363636364, ""2"": 0.9177272727272727, ""4"": 0.9195454545454546, ""6"": 0.9259090909090909, ""8"": 0.9163636363636364, ""10"": 0.9209090909090909, ""12"": 0.9309090909090909, ""14"": 0.9295454545454546, ""16"": 0.9177272727272727, ""18"": 0.92}","{""-20"": 0.0, ""-18"": -0.0909090909090901, ""-16"": 0.04545454545454436, ""-14"": -0.7272727272727264, ""-12"": -0.04545454545454575, ""-10"": 0.181818181818183, ""-8"": -1.3636363636363613, ""-6"": -1.6818181818181843, ""-4"": -0.31818181818181746, ""-2"": -0.181818181818183, ""0"": -0.363636363636366, ""2"": -0.545454545454549, ""4"": -0.4545454545454519, ""6"": -0.4545454545454519, ""8"": -0.9090909090909038, ""10"": -0.6818181818181834, ""12"": 0.31818181818181746, ""14"": -0.4090909090909034, ""16"": -1.2727272727272698, ""18"": -0.3636363636363549}"
runs/iqformer_s1,CONV=W4A4,0.46820454545454543,0.4539626652380898,-16.618181818181814,24069,10339,3027,0.0,0.529088,"{""-20"": 0.09409090909090909, ""-18"": 0.10454545454545454, ""-16"": 0.10818181818181818, ""-14"": 0.12727272727272726, ""-12"": 0.14363636363636365, ""-10"": 0.19045454545454546, ""-8"": 0.25772727272727275, ""-6"": 0.37, ""-4"": 0.4890909090909091, ""-2"": 0.5990909090909091, ""0"": 0.6727272727272727, ""2"": 0.6772727272727272, ""4"": 0.6536363636363637, ""6"": 0.6940909090909091, ""8"": 0.6881818181818182, ""10"": 0.6981818181818182, ""12"": 0.6959090909090909, ""14"": 0.7054545454545454, ""16"": 0.6968181818181818, ""18"": 0.6977272727272728}","{""-20"": -0.3636363636363646, ""-18"": 0.0, ""-16"": 0.5909090909090906, ""-14"": -1.772727272727273, ""-12"": -4.181818181818181, ""-10"": -6.363636363636363, ""-8"": -12.181818181818176, ""-6"": -21.545454545454547, ""-4"": -24.63636363636364, ""-2"": -24.77272727272727, ""0"": -23.22727272727273, ""2"": -24.590909090909097, ""4"": -27.04545454545454, ""6"": -23.636363636363633, ""8"": -23.72727272727272, ""10"": -22.95454545454545, ""12"": -23.18181818181818, ""14"": -22.818181818181817, ""16"": -23.363636363636363, ""18"": -22.590909090909083}"
runs/iqformer_s1,CONV=W8A32,0.63425,0.6563079128825715,-0.013636363636360116,132,39,33,0.555997717760971,0.657652,"{""-20"": 0.09772727272727273, ""-18"": 0.1040909090909091, ""-16"": 0.10272727272727272, ""-14"": 0.14454545454545453, ""-12"": 0.185, ""-10"": 0.25363636363636366, ""-8"": 0.37863636363636366, ""-6"": 0.5822727272727273, ""-4"": 0.7368181818181818, ""-2"": 0.8486363636363636, ""0"": 0.9045454545454545, ""2"": 0.9231818181818182, ""4"": 0.9245454545454546, ""6"": 0.93, ""8"": 0.9254545454545454, ""10"": 0.9277272727272727, ""12"": 0.9281818181818182, ""14"": 0.9336363636363636, ""16"": 0.9295454545454546, ""18"": 0.9240909090909091}","{""-20"": 0.0, ""-18"": -0.04545454545454436, ""-16"": 0.04545454545454436, ""-14"": -0.04545454545454575, ""-12"": -0.04545454545454575, ""-10"": -0.04545454545454297, ""-8"": -0.09090909090908594, ""-6"": -0.31818181818181746, ""-4"": 0.13636363636363447, ""-2"": 0.181818181818183, ""0"": -0.04545454545454852, ""2"": 0.0, ""4"": 0.04545454545454852, ""6"": -0.04545454545453742, ""8"": 0.0, ""10"": 0.0, ""12"": 0.04545454545454852, ""14"": 0.0, ""16"": -0.09090909090908594, ""18"": 0.04545454545454852}"
runs/iqformer_s1,CONV=W6A32,0.6343181818181818,0.6563749537082975,-0.006818181818180058,531,136,133,0.9029744638059516,0.59337,"{""-20"": 0.09636363636363636, ""-18"": 0.105, ""-16"": 0.10318181818181818, ""-14"": 0.145, ""-12"": 0.18409090909090908, ""-10"": 0.25363636363636366, ""-8"": 0.37863636363636366, ""-6"": 0.5836363636363636, ""-4"": 0.7372727272727273, ""-2"": 0.8495454545454545, ""0"": 0.9068181818181819, ""2"": 0.9227272727272727, ""4"": 0.9236363636363636, ""6"": 0.9309090909090909, ""8"": 0.925, ""10"": 0.9281818181818182, ""12"": 0.9272727272727272, ""14"": 0.9322727272727273, ""16"": 0.9286363636363636, ""18"": 0.9245454545454546}","{""-20"": -0.13636363636363724, ""-18"": 0.04545454545454575, ""-16"": 0.0909090909090901, ""-14"": 0.0, ""-12"": -0.13636363636363724, ""-10"": -0.04545454545454297, ""-8"": -0.09090909090908594, ""-6"": -0.181818181818183, ""-4"": 0.181818181818183, ""-2"": 0.27272727272726893, ""0"": 0.181818181818183, ""2"": -0.04545454545454852, ""4"": -0.04545454545454852, ""6"": 0.04545454545454852, ""8"": -0.04545454545453742, ""10"": 0.04545454545454852, ""12"": -0.04545454545454852, ""14"": -0.13636363636363447, ""16"": -0.181818181818183, ""18"": 0.09090909090909705}"
runs/iqformer_s1,CONV=W4A32,0.6307045454545455,0.6481137738680978,-0.36818181818181195,3014,856,694,4.260582740882549e-05,0.529088,"{""-20"": 0.09818181818181818, ""-18"": 0.10363636363636364, ""-16"": 0.10545454545454545, ""-14"": 0.15045454545454545, ""-12"": 0.19454545454545455, ""-10"": 0.26454545454545453, ""-8"": 0.3890909090909091, ""-6"": 0.5827272727272728, ""-4"": 0.7272727272727273, ""-2"": 0.8236363636363636, ""0"": 0.8854545454545455, ""2"": 0.9127272727272727, ""4"": 0.9159090909090909, ""6"": 0.9231818181818182, ""8"": 0.92, ""10"": 0.9218181818181819, ""12"": 0.9240909090909091, ""14"": 0.9240909090909091, ""16"": 0.9245454545454546, ""18"": 0.9227272727272727}","{""-20"": 0.04545454545454436, ""-18"": -0.0909090909090901, ""-16"": 0.31818181818181746, ""-14"": 0.5454545454545462, ""-12"": 0.9090909090909094, ""-10"": 1.0454545454545439, ""-8"": 0.9545454545454579, ""-6"": -0.27272727272726893, ""-4"": -0.8181818181818179, ""-2"": -2.3181818181818192, ""0"": -1.9545454545454533, ""2"": -1.0454545454545494, ""4"": -0.8181818181818179, ""6"": -0.7272727272727209, ""8"": -0.5454545454545379, ""10"": -0.5909090909090864, ""12"": -0.363636363636366, ""14"": -0.9545454545454524, ""16"": -0.5909090909090864, ""18"": -0.09090909090908594}"
runs/iqformer_s1,CONV=W3A32,0.5868863636363636,0.5997974466906529,-4.749999999999998,6354,3043,953,1.1237235768481372e-251,0.496947,"{""-20"": 0.10045454545454545, ""-18"": 0.10681818181818181, ""-16"": 0.11227272727272727, ""-14"": 0.16590909090909092, ""-12"": 0.2018181818181818, ""-10"": 0.25363636363636366, ""-8"": 0.37636363636363634, ""-6"": 0.545, ""-4"": 0.6786363636363636, ""-2"": 0.7677272727272727, ""0"": 0.8413636363636363, ""2"": 0.850909090909091, ""4"": 0.8495454545454545, ""6"": 0.8504545454545455, ""8"": 0.8418181818181818, ""10"": 0.8372727272727273, ""12"": 0.8386363636363636, ""14"": 0.8386363636363636, ""16"": 0.8336363636363636, ""18"": 0.8468181818181818}","{""-20"": 0.2727272727272717, ""-18"": 0.22727272727272735, ""-16"": 0.9999999999999996, ""-14"": 2.0909090909090935, ""-12"": 1.6363636363636358, ""-10"": -0.04545454545454297, ""-8"": -0.31818181818181746, ""-6"": -4.045454545454541, ""-4"": -5.681818181818188, ""-2"": -7.90909090909091, ""0"": -6.363636363636371, ""2"": -7.227272727272727, ""4"": -7.454545454545459, ""6"": -7.9999999999999964, ""8"": -8.363636363636362, ""10"": -9.045454545454545, ""12"": -8.90909090909091, ""14"": -9.499999999999996, ""16"": -9.68181818181818, ""18"": -7.681818181818178}"
runs/iqformer_s1,CONV=W32A8,0.634090909090909,0.6559237771370809,-0.02954545454545432,473,147,134,0.47414240606861213,1.416428,"{""-20"": 0.09772727272727273, ""-18"": 0.10318181818181818, ""-16"": 0.10227272727272728, ""-14"": 0.14636363636363636, ""-12"": 0.18545454545454546, ""-10"": 0.25227272727272726, ""-8"": 0.37772727272727274, ""-6"": 0.5831818181818181, ""-4"": 0.7340909090909091, ""-2"": 0.8463636363636363, ""0"": 0.9040909090909091, ""2"": 0.9231818181818182, ""4"": 0.9231818181818182, ""6"": 0.9309090909090909, ""8"": 0.9259090909090909, ""10"": 0.9272727272727272, ""12"": 0.9281818181818182, ""14"": 0.9318181818181818, ""16"": 0.9272727272727272, ""18"": 0.9313636363636364}","{""-20"": 0.0, ""-18"": -0.13636363636363585, ""-16"": 0.0, ""-14"": 0.13636363636363724, ""-12"": 0.0, ""-10"": -0.181818181818183, ""-8"": -0.18181818181817744, ""-6"": -0.2272727272727315, ""-4"": -0.13636363636363447, ""-2"": -0.04545454545454852, ""0"": -0.09090909090909705, ""2"": 0.0, ""4"": -0.09090909090908594, ""6"": 0.04545454545454852, ""8"": 0.04545454545454852, ""10"": -0.04545454545454852, ""12"": 0.04545454545454852, ""14"": -0.181818181818183, ""16"": -0.31818181818181746, ""18"": 0.7727272727272805}"
runs/iqformer_s1,CONV=W32A6,0.6313181818181818,0.6538266353577998,-0.3068181818181803,2670,849,714,0.0006955690498497781,1.416428,"{""-20"": 0.09772727272727273, ""-18"": 0.09818181818181818, ""-16"": 0.10363636363636364, ""-14"": 0.145, ""-12"": 0.185, ""-10"": 0.2581818181818182, ""-8"": 0.37636363636363634, ""-6"": 0.5668181818181818, ""-4"": 0.7295454545454545, ""-2"": 0.845, ""0"": 0.9009090909090909, ""2"": 0.9181818181818182, ""4"": 0.9204545454545454, ""6"": 0.9277272727272727, ""8"": 0.9195454545454546, ""10"": 0.9218181818181819, ""12"": 0.9363636363636364, ""14"": 0.9281818181818182, ""16"": 0.9213636363636364, ""18"": 0.9263636363636364}","{""-20"": 0.0, ""-18"": -0.6363636363636362, ""-16"": 0.13636363636363585, ""-14"": 0.0, ""-12"": -0.04545454545454575, ""-10"": 0.40909090909090895, ""-8"": -0.31818181818181746, ""-6"": -1.8636363636363673, ""-4"": -0.5909090909090975, ""-2"": -0.181818181818183, ""0"": -0.4090909090909145, ""2"": -0.5000000000000004, ""4"": -0.363636363636366, ""6"": -0.27272727272726893, ""8"": -0.5909090909090864, ""10"": -0.5909090909090864, ""12"": 0.8636363636363664, ""14"": -0.5454545454545379, ""16"": -0.9090909090909038, ""18"": 0.27272727272728003}"
runs/iqformer_s1,CONV=W32A4,0.4799090909090909,0.46883844483316073,-15.447727272727269,23268,9647,2850,0.0,1.416428,"{""-20"": 0.09863636363636363, ""-18"": 0.10363636363636364, ""-16"": 0.10772727272727273, ""-14"": 0.11818181818181818, ""-12"": 0.12590909090909091, ""-10"": 0.1968181818181818, ""-8"": 0.2595454545454545, ""-6"": 0.37363636363636366, ""-4"": 0.5009090909090909, ""-2"": 0.6118181818181818, ""0"": 0.7022727272727273, ""2"": 0.7095454545454546, ""4"": 0.6763636363636364, ""6"": 0.7227272727272728, ""8"": 0.7027272727272728, ""10"": 0.7168181818181818, ""12"": 0.7222727272727273, ""14"": 0.7154545454545455, ""16"": 0.7177272727272728, ""18"": 0.7154545454545455}","{""-20"": 0.0909090909090901, ""-18"": -0.0909090909090901, ""-16"": 0.5454545454545447, ""-14"": -2.681818181818181, ""-12"": -5.954545454545454, ""-10"": -5.727272727272728, ""-8"": -12.0, ""-6"": -21.18181818181818, ""-4"": -23.45454545454546, ""-2"": -23.5, ""0"": -20.272727272727277, ""2"": -21.363636363636363, ""4"": -24.77272727272727, ""6"": -20.772727272727266, ""8"": -22.272727272727266, ""10"": -21.090909090909093, ""12"": -20.545454545454543, ""14"": -21.818181818181813, ""16"": -21.272727272727266, ""18"": -20.818181818181813}"
runs/iqformer_s1,ATTN=W8A8,0.6343181818181818,0.6563081062851907,-0.006818181818180058,147,45,42,0.8303730096857541,1.272044,"{""-20"": 0.09772727272727273, ""-18"": 0.10363636363636364, ""-16"": 0.10227272727272728, ""-14"": 0.14272727272727273, ""-12"": 0.18409090909090908, ""-10"": 0.25272727272727274, ""-8"": 0.3781818181818182, ""-6"": 0.5872727272727273, ""-4"": 0.7368181818181818, ""-2"": 0.8472727272727273, ""0"": 0.905, ""2"": 0.9236363636363636, ""4"": 0.9240909090909091, ""6"": 0.9304545454545454, ""8"": 0.9259090909090909, ""10"": 0.9286363636363636, ""12"": 0.9277272727272727, ""14"": 0.9336363636363636, ""16"": 0.9309090909090909, ""18"": 0.9236363636363636}","{""-20"": 0.0, ""-18"": -0.0909090909090901, ""-16"": 0.0, ""-14"": -0.22727272727272596, ""-12"": -0.13636363636363724, ""-10"": -0.13636363636363447, ""-8"": -0.13636363636363447, ""-6"": 0.181818181818183, ""-4"": 0.13636363636363447, ""-2"": 0.04545454545454852, ""0"": 0.0, ""2"": 0.04545454545453742, ""4"": 0.0, ""6"": 0.0, ""8"": 0.04545454545454852, ""10"": 0.09090909090908594, ""12"": 0.0, ""14"": 0.0, ""16"": 0.04545454545454852, ""18"": 0.0}"
runs/iqformer_s1,ATTN=W6A6,0.6343409090909091,0.6557204532198688,-0.0045454545454459705,663,191,189,0.9590963048063904,1.259756,"{""-20"": 0.09772727272727273, ""-18"": 0.105, ""-16"": 0.10363636363636364, ""-14"": 0.14454545454545453, ""-12"": 0.18727272727272729, ""-10"": 0.25363636363636366, ""-8"": 0.38045454545454543, ""-6"": 0.5827272727272728, ""-4"": 0.7368181818181818, ""-2"": 0.8440909090909091, ""0"": 0.9036363636363637, ""2"": 0.9227272727272727, ""4"": 0.9227272727272727, ""6"": 0.9304545454545454, ""8"": 0.925, ""10"": 0.9277272727272727, ""12"": 0.9290909090909091, ""14"": 0.935, ""16"": 0.93, ""18"": 0.9245454545454546}","{""-20"": 0.0, ""-18"": 0.04545454545454575, ""-16"": 0.13636363636363585, ""-14"": -0.04545454545454575, ""-12"": 0.181818181818183, ""-10"": -0.04545454545454297, ""-8"": 0.0909090909090915, ""-6"": -0.27272727272726893, ""-4"": 0.13636363636363447, ""-2"": -0.27272727272726893, ""0"": -0.13636363636363447, ""2"": -0.04545454545454852, ""4"": -0.13636363636363447, ""6"": 0.0, ""8"": -0.04545454545453742, ""10"": 0.0, ""12"": 0.13636363636363447, ""14"": 0.13636363636364557, ""16"": -0.04545454545453742, ""18"": 0.09090909090909705}"
runs/iqformer_s1,ATTN=W4A4,0.6127727272727272,0.623529390470857,-2.1613636363636335,6774,2159,1208,4.825641838861345e-61,1.247468,"{""-20"": 0.09409090909090909, ""-18"": 0.10045454545454545, ""-16"": 0.11863636363636364, ""-14"": 0.1618181818181818, ""-12"": 0.2018181818181818, ""-10"": 0.2777272727272727, ""-8"": 0.3809090909090909, ""-6"": 0.5318181818181819, ""-4"": 0.6822727272727273, ""-2"": 0.7954545454545454, ""0"": 0.8586363636363636, ""2"": 0.8909090909090909, ""4"": 0.889090909090909, ""6"": 0.9027272727272727, ""8"": 0.8909090909090909, ""10"": 0.8981818181818182, ""12"": 0.8918181818181818, ""14"": 0.8977272727272727, ""16"": 0.8968181818181818, ""18"": 0.8936363636363637}","{""-20"": -0.3636363636363646, ""-18"": -0.40909090909090895, ""-16"": 1.6363636363636358, ""-14"": 1.6818181818181817, ""-12"": 1.6363636363636358, ""-10"": 2.3636363636363624, ""-8"": 0.13636363636364002, ""-6"": -5.36363636363636, ""-4"": -5.318181818181822, ""-2"": -5.1363636363636385, ""0"": -4.6363636363636385, ""2"": -3.227272727272734, ""4"": -3.500000000000003, ""6"": -2.772727272727271, ""8"": -3.4545454545454546, ""10"": -2.954545454545454, ""12"": -3.590909090909089, ""14"": -3.590909090909089, ""16"": -3.3636363636363575, ""18"": -2.9999999999999916}"
runs/iqformer_s1,ATTN=W8A32,0.6342045454545454,0.6562622325288816,-0.01818181818181719,52,19,11,0.20048842206597334,1.272044,"{""-20"": 0.09772727272727273, ""-18"": 0.1040909090909091, ""-16"": 0.10227272727272728, ""-14"": 0.14363636363636365, ""-12"": 0.18454545454545454, ""-10"": 0.25227272727272726, ""-8"": 0.38, ""-6"": 0.5845454545454546, ""-4"": 0.735909090909091, ""-2"": 0.8463636363636363, ""0"": 0.905, ""2"": 0.9240909090909091, ""4"": 0.9245454545454546, ""6"": 0.93, ""8"": 0.9254545454545454, ""10"": 0.9277272727272727, ""12"": 0.9281818181818182, ""14"": 0.9340909090909091, ""16"": 0.9309090909090909, ""18"": 0.9227272727272727}","{""-20"": 0.0, ""-18"": -0.04545454545454436, ""-16"": 0.0, ""-14"": -0.13636363636363447, ""-12"": -0.0909090909090915, ""-10"": -0.181818181818183, ""-8"": 0.04545454545454852, ""-6"": -0.09090909090908594, ""-4"": 0.04545454545454852, ""-2"": -0.04545454545454852, ""0"": 0.0, ""2"": 0.09090909090908594, ""4"": 0.04545454545454852, ""6"": -0.04545454545453742, ""8"": 0.0, ""10"": 0.0, ""12"": 0.04545454545454852, ""14"": 0.04545454545454852, ""16"": 0.04545454545454852, ""18"": -0.09090909090908594}"
runs/iqformer_s1,ATTN=W6A32,0.6343181818181818,0.656531423599994,-0.006818181818180058,176,54,51,0.8453703188825517,1.259756,"{""-20"": 0.09727272727272727, ""-18"": 0.10454545454545454, ""-16"": 0.10272727272727272, ""-14"": 0.1459090909090909, ""-12"": 0.18454545454545454, ""-10"": 0.2531818181818182, ""-8"": 0.3795454545454545, ""-6"": 0.5845454545454546, ""-4"": 0.7345454545454545, ""-2"": 0.8468181818181818, ""0"": 0.9054545454545454, ""2"": 0.9236363636363636, ""4"": 0.9240909090909091, ""6"": 0.9313636363636364, ""8"": 0.9259090909090909, ""10"": 0.9277272727272727, ""12"": 0.9277272727272727, ""14"": 0.9336363636363636, ""16"": 0.9295454545454546, ""18"": 0.9236363636363636}","{""-20"": -0.04545454545454575, ""-18"": 0.0, ""-16"": 0.04545454545454436, ""-14"": 0.0909090909090915, ""-12"": -0.0909090909090915, ""-10"": -0.0909090909090915, ""-8"": 0.0, ""-6"": -0.09090909090908594, ""-4"": -0.09090909090909705, ""-2"": 0.0, ""0"": 0.04545454545453742, ""2"": 0.04545454545453742, ""4"": 0.0, ""6"": 0.09090909090909705, ""8"": 0.04545454545454852, ""10"": 0.0, ""12"": 0.0, ""14"": 0.0, ""16"": -0.09090909090908594, ""18"": 0.0}"
runs/iqformer_s1,ATTN=W4A32,0.63375,0.654168624595315,-0.06363636363635461,920,240,212,0.2040432387999555,1.247468,"{""-20"": 0.09954545454545455, ""-18"": 0.10727272727272727, ""-16"": 0.10181818181818182, ""-14"": 0.14954545454545454, ""-12"": 0.19227272727272726, ""-10"": 0.26227272727272727, ""-8"": 0.38, ""-6"": 0.575, ""-4"": 0.7304545454545455, ""-2"": 0.8413636363636363, ""0"": 0.9036363636363637, ""2"": 0.92, ""4"": 0.9222727272727272, ""6"": 0.9304545454545454, ""8"": 0.9245454545454546, ""10"": 0.9277272727272727, ""12"": 0.9254545454545454, ""14"": 0.93, ""16"": 0.9277272727272727, ""18"": 0.9236363636363636}","{""-20"": 0.1818181818181816, ""-18"": 0.2727272727272731, ""-16"": -0.04545454545454575, ""-14"": 0.4545454545454547, ""-12"": 0.6818181818181807, ""-10"": 0.8181818181818179, ""-8"": 0.04545454545454852, ""-6"": -1.0454545454545494, ""-4"": -0.5000000000000004, ""-2"": -0.545454545454549, ""0"": -0.13636363636363447, ""2"": -0.31818181818181746, ""4"": -0.181818181818183, ""6"": 0.0, ""8"": -0.09090909090908594, ""10"": 0.0, ""12"": -0.2272727272727315, ""14"": -0.3636363636363549, ""16"": -0.27272727272726893, ""18"": 0.0}"
runs/iqformer_s1,ATTN=W3A32,0.6333181818181818,0.6523377168817047,-0.10681818181818015,1828,529,482,0.1479409394141716,1.241324,"{""-20"": 0.09863636363636363, ""-18"": 0.10227272727272728, ""-16"": 0.10454545454545454, ""-14"": 0.15318181818181817, ""-12"": 0.19045454545454546, ""-10"": 0.2672727272727273, ""-8"": 0.3759090909090909, ""-6"": 0.5740909090909091, ""-4"": 0.7190909090909091, ""-2"": 0.8368181818181818, ""0"": 0.9018181818181819, ""2"": 0.9218181818181819, ""4"": 0.9213636363636364, ""6"": 0.9281818181818182, ""8"": 0.9240909090909091, ""10"": 0.9277272727272727, ""12"": 0.9268181818181818, ""14"": 0.9313636363636364, ""16"": 0.9290909090909091, ""18"": 0.9318181818181818}","{""-20"": 0.0909090909090901, ""-18"": -0.22727272727272596, ""-16"": 0.22727272727272596, ""-14"": 0.8181818181818179, ""-12"": 0.5000000000000004, ""-10"": 1.3181818181818183, ""-8"": -0.3636363636363604, ""-6"": -1.1363636363636354, ""-4"": -1.6363636363636358, ""-2"": -1.0000000000000009, ""0"": -0.31818181818181746, ""2"": -0.13636363636363447, ""4"": -0.27272727272726893, ""6"": -0.2272727272727204, ""8"": -0.13636363636363447, ""10"": 0.0, ""12"": -0.09090909090909705, ""14"": -0.2272727272727204, ""16"": -0.13636363636363447, ""18"": 0.8181818181818179}"
runs/iqformer_s1,ATTN=W32A8,0.6343636363636364,0.656421907991837,-0.0022727272727229852,132,39,38,1.0,1.416428,"{""-20"": 0.09772727272727273, ""-18"": 0.10454545454545454, ""-16"": 0.10272727272727272, ""-14"": 0.1440909090909091, ""-12"": 0.185, ""-10"": 0.25272727272727274, ""-8"": 0.37772727272727274, ""-6"": 0.5859090909090909, ""-4"": 0.7345454545454545, ""-2"": 0.8472727272727273, ""0"": 0.9045454545454545, ""2"": 0.9236363636363636, ""4"": 0.9240909090909091, ""6"": 0.9304545454545454, ""8"": 0.9254545454545454, ""10"": 0.9286363636363636, ""12"": 0.9277272727272727, ""14"": 0.9340909090909091, ""16"": 0.9304545454545454, ""18"": 0.9259090909090909}","{""-20"": 0.0, ""-18"": 0.0, ""-16"": 0.04545454545454436, ""-14"": -0.09090909090908872, ""-12"": -0.04545454545454575, ""-10"": -0.13636363636363447, ""-8"": -0.18181818181817744, ""-6"": 0.04545454545454852, ""-4"": -0.09090909090909705, ""-2"": 0.04545454545454852, ""0"": -0.04545454545454852, ""2"": 0.04545454545453742, ""4"": 0.0, ""6"": 0.0, ""8"": 0.0, ""10"": 0.09090909090908594, ""12"": 0.0, ""14"": 0.04545454545454852, ""16"": 0.0, ""18"": 0.2272727272727315}"
runs/iqformer_s1,ATTN=W32A6,0.6348636363636364,0.6562279809684632,0.04772727272728261,646,171,192,0.2938323810718312,1.416428,"{""-20"": 0.09681818181818182, ""-18"": 0.10454545454545454, ""-16"": 0.10454545454545454, ""-14"": 0.1459090909090909, ""-12"": 0.1859090909090909, ""-10"": 0.255, ""-8"": 0.38045454545454543, ""-6"": 0.5886363636363636, ""-4"": 0.7363636363636363, ""-2"": 0.8445454545454546, ""0"": 0.9031818181818182, ""2"": 0.9227272727272727, ""4"": 0.9231818181818182, ""6"": 0.9304545454545454, ""8"": 0.925, ""10"": 0.9281818181818182, ""12"": 0.9295454545454546, ""14"": 0.9363636363636364, ""16"": 0.9295454545454546, ""18"": 0.9263636363636364}","{""-20"": -0.0909090909090915, ""-18"": 0.0, ""-16"": 0.22727272727272596, ""-14"": 0.0909090909090915, ""-12"": 0.04545454545454575, ""-10"": 0.0909090909090915, ""-8"": 0.0909090909090915, ""-6"": 0.31818181818181746, ""-4"": 0.09090909090908594, ""-2"": -0.2272727272727204, ""0"": -0.181818181818183, ""2"": -0.04545454545454852, ""4"": -0.09090909090908594, ""6"": 0.0, ""8"": -0.04545454545453742, ""10"": 0.04545454545454852, ""12"": 0.181818181818183, ""14"": 0.27272727272728003, ""16"": -0.09090909090908594, ""18"": 0.27272727272728003}"
runs/iqformer_s1,ATTN=W32A4,0.6169545454545454,0.6293212419187696,-1.743181818181816,6103,1935,1168,1.8740121815288526e-43,1.416428,"{""-20"": 0.09863636363636363, ""-18"": 0.10227272727272728, ""-16"": 0.11818181818181818, ""-14"": 0.15545454545454546, ""-12"": 0.19863636363636364, ""-10"": 0.2759090909090909, ""-8"": 0.3809090909090909, ""-6"": 0.5322727272727272, ""-4"": 0.6859090909090909, ""-2"": 0.8, ""0"": 0.8695454545454545, ""2"": 0.8995454545454545, ""4"": 0.8972727272727272, ""6"": 0.9095454545454545, ""8"": 0.8968181818181818, ""10"": 0.9009090909090909, ""12"": 0.8995454545454545, ""14"": 0.9131818181818182, ""16"": 0.899090909090909, ""18"": 0.9054545454545454}","{""-20"": 0.0909090909090901, ""-18"": -0.22727272727272596, ""-16"": 1.59090909090909, ""-14"": 1.0454545454545467, ""-12"": 1.3181818181818183, ""-10"": 2.181818181818179, ""-8"": 0.13636363636364002, ""-6"": -5.318181818181822, ""-4"": -4.954545454545456, ""-2"": -4.681818181818176, ""0"": -3.5454545454545516, ""2"": -2.3636363636363678, ""4"": -2.681818181818185, ""6"": -2.0909090909090877, ""8"": -2.863636363636357, ""10"": -2.681818181818185, ""12"": -2.8181818181818197, ""14"": -2.045454545454539, ""16"": -3.136363636363637, ""18"": -1.8181818181818188}"
runs/iqformer_s1,LSTM=W8A8,0.634,0.655846443440793,-0.03863636363635736,178,67,50,0.13875316894302603,1.297644,"{""-20"": 0.09681818181818182, ""-18"": 0.10454545454545454, ""-16"": 0.10318181818181818, ""-14"": 0.145, ""-12"": 0.18454545454545454, ""-10"": 0.2509090909090909, ""-8"": 0.3781818181818182, ""-6"": 0.5813636363636364, ""-4"": 0.7363636363636363, ""-2"": 0.8463636363636363, ""0"": 0.9045454545454545, ""2"": 0.9240909090909091, ""4"": 0.9236363636363636, ""6"": 0.93, ""8"": 0.9254545454545454, ""10"": 0.9281818181818182, ""12"": 0.9281818181818182, ""14"": 0.9354545454545454, ""16"": 0.9281818181818182, ""18"": 0.925}","{""-20"": -0.0909090909090915, ""-18"": 0.0, ""-16"": 0.0909090909090901, ""-14"": 0.0, ""-12"": -0.0909090909090915, ""-10"": -0.31818181818181746, ""-8"": -0.13636363636363447, ""-6"": -0.4090909090909034, ""-4"": 0.09090909090908594, ""-2"": -0.04545454545454852, ""0"": -0.04545454545454852, ""2"": 0.09090909090908594, ""4"": -0.04545454545454852, ""6"": -0.04545454545453742, ""8"": 0.0, ""10"": 0.04545454545454852, ""12"": 0.04545454545454852, ""14"": 0.181818181818183, ""16"": -0.2272727272727204, ""18"": 0.13636363636364557}"
runs/iqformer_s1,LSTM=W6A6,0.6345681818181819,0.65651124679972,0.01818181818182829,634,190,198,0.7223617193179421,1.287404,"{""-20"": 0.09636363636363636, ""-18"": 0.10272727272727272, ""-16"": 0.10272727272727272, ""-14"": 0.14272727272727273, ""-12"": 0.1831818181818182, ""-10"": 0.2559090909090909, ""-8"": 0.37636363636363634, ""-6"": 0.5845454545454546, ""-4"": 0.7427272727272727, ""-2"": 0.8445454545454546, ""0"": 0.9031818181818182, ""2"": 0.9227272727272727, ""4"": 0.9240909090909091, ""6"": 0.9309090909090909, ""8"": 0.925, ""10"": 0.9295454545454546, ""12"": 0.9272727272727272, ""14"": 0.9331818181818182, ""16"": 0.9318181818181818, ""18"": 0.9318181818181818}","{""-20"": -0.13636363636363724, ""-18"": -0.1818181818181816, ""-16"": 0.04545454545454436, ""-14"": -0.22727272727272596, ""-12"": -0.22727272727272596, ""-10"": 0.181818181818183, ""-8"": -0.31818181818181746, ""-6"": -0.09090909090908594, ""-4"": 0.7272727272727209, ""-2"": -0.2272727272727204, ""0"": -0.181818181818183, ""2"": -0.04545454545454852, ""4"": 0.0, ""6"": 0.04545454545454852, ""8"": -0.04545454545453742, ""10"": 0.181818181818183, ""12"": -0.04545454545454852, ""14"": -0.04545454545453742, ""16"": 0.13636363636363447, ""18"": 0.8181818181818179}"
runs/iqformer_s1,LSTM=W4A4,0.6264090909090909,0.6473665181362885,-0.7977272727272666,3013,1054,703,5.405019522962401e-17,1.277164,"{""-20"": 0.09545454545454546, ""-18"": 0.1, ""-16"": 0.10136363636363636, ""-14"": 0.13727272727272727, ""-12"": 0.18045454545454545, ""-10"": 0.2595454545454545, ""-8"": 0.37272727272727274, ""-6"": 0.5704545454545454, ""-4"": 0.7277272727272728, ""-2"": 0.8404545454545455, ""0"": 0.8922727272727272, ""2"": 0.9140909090909091, ""4"": 0.9168181818181819, ""6"": 0.9181818181818182, ""8"": 0.9086363636363637, ""10"": 0.9227272727272727, ""12"": 0.9154545454545454, ""14"": 0.9240909090909091, ""16"": 0.9172727272727272, ""18"": 0.9131818181818182}","{""-20"": -0.22727272727272735, ""-18"": -0.4545454545454533, ""-16"": -0.0909090909090915, ""-14"": -0.7727272727272722, ""-12"": -0.5000000000000004, ""-10"": 0.5454545454545434, ""-8"": -0.6818181818181779, ""-6"": -1.5000000000000013, ""-4"": -0.7727272727272694, ""-2"": -0.6363636363636349, ""0"": -1.272727272727281, ""2"": -0.909090909090915, ""4"": -0.7272727272727209, ""6"": -1.2272727272727213, ""8"": -1.6818181818181732, ""10"": -0.5000000000000004, ""12"": -1.2272727272727324, ""14"": -0.9545454545454524, ""16"": -1.3181818181818183, ""18"": -1.0454545454545383}"
runs/iqformer_s1,LSTM=W8A32,0.63425,0.6562957966406182,-0.013636363636360116,67,18,12,0.36159460805356514,1.297644,"{""-20"": 0.09772727272727273, ""-18"": 0.1040909090909091, ""-16"": 0.10227272727272728, ""-14"": 0.14545454545454545, ""-12"": 0.18454545454545454, ""-10"": 0.25181818181818183, ""-8"": 0.3790909090909091, ""-6"": 0.585, ""-4"": 0.7354545454545455, ""-2"": 0.8481818181818181, ""0"": 0.9045454545454545, ""2"": 0.9236363636363636, ""4"": 0.9240909090909091, ""6"": 0.93, ""8"": 0.9254545454545454, ""10"": 0.9281818181818182, ""12"": 0.9277272727272727, ""14"": 0.9331818181818182, ""16"": 0.93, ""18"": 0.9245454545454546}","{""-20"": 0.0, ""-18"": -0.04545454545454436, ""-16"": 0.0, ""-14"": 0.04545454545454575, ""-12"": -0.0909090909090915, ""-10"": -0.22727272727272596, ""-8"": -0.04545454545454297, ""-6"": -0.04545454545454852, ""-4"": 0.0, ""-2"": 0.13636363636363447, ""0"": -0.04545454545454852, ""2"": 0.04545454545453742, ""4"": 0.0, ""6"": -0.04545454545453742, ""8"": 0.0, ""10"": 0.04545454545454852, ""12"": 0.0, ""14"": -0.04545454545453742, ""16"": -0.04545454545453742, ""18"": 0.09090909090909705}"
runs/iqformer_s1,LSTM=W6A32,0.6339545454545454,0.6559199579698641,-0.043181818181814435,263,91,72,0.1583688979313938,1.287404,"{""-20"": 0.09772727272727273, ""-18"": 0.10363636363636364, ""-16"": 0.10272727272727272, ""-14"": 0.14454545454545453, ""-12"": 0.18363636363636363, ""-10"": 0.2509090909090909, ""-8"": 0.37681818181818183, ""-6"": 0.5831818181818181, ""-4"": 0.7377272727272727, ""-2"": 0.845, ""0"": 0.9045454545454545, ""2"": 0.9236363636363636, ""4"": 0.9240909090909091, ""6"": 0.9309090909090909, ""8"": 0.9268181818181818, ""10"": 0.9286363636363636, ""12"": 0.9290909090909091, ""14"": 0.9331818181818182, ""16"": 0.9290909090909091, ""18"": 0.9231818181818182}","{""-20"": 0.0, ""-18"": -0.0909090909090901, ""-16"": 0.04545454545454436, ""-14"": -0.04545454545454575, ""-12"": -0.181818181818183, ""-10"": -0.31818181818181746, ""-8"": -0.27272727272726893, ""-6"": -0.2272727272727315, ""-4"": 0.2272727272727204, ""-2"": -0.181818181818183, ""0"": -0.04545454545454852, ""2"": 0.04545454545453742, ""4"": 0.0, ""6"": 0.04545454545454852, ""8"": 0.13636363636363447, ""10"": 0.09090909090908594, ""12"": 0.13636363636363447, ""14"": -0.04545454545453742, ""16"": -0.13636363636363447, ""18"": -0.04545454545453742}"
runs/iqformer_s1,LSTM=W4A32,0.6337727272727273,0.6559713466407561,-0.061363636363631624,1106,319,292,0.29286269346886845,1.277164,"{""-20"": 0.09681818181818182, ""-18"": 0.10363636363636364, ""-16"": 0.09818181818181818, ""-14"": 0.145, ""-12"": 0.1859090909090909, ""-10"": 0.2545454545454545, ""-8"": 0.37636363636363634, ""-6"": 0.5731818181818182, ""-4"": 0.735909090909091, ""-2"": 0.8422727272727273, ""0"": 0.9059090909090909, ""2"": 0.9240909090909091, ""4"": 0.9222727272727272, ""6"": 0.9327272727272727, ""8"": 0.9263636363636364, ""10"": 0.9295454545454546, ""12"": 0.9295454545454546, ""14"": 0.9313636363636364, ""16"": 0.9290909090909091, ""18"": 0.9327272727272727}","{""-20"": -0.0909090909090915, ""-18"": -0.0909090909090901, ""-16"": -0.40909090909091034, ""-14"": 0.0, ""-12"": 0.04545454545454575, ""-10"": 0.04545454545454297, ""-8"": -0.31818181818181746, ""-6"": -1.2272727272727213, ""-4"": 0.04545454545454852, ""-2"": -0.4545454545454519, ""0"": 0.09090909090908594, ""2"": 0.09090909090908594, ""4"": -0.181818181818183, ""6"": 0.2272727272727315, ""8"": 0.09090909090909705, ""10"": 0.181818181818183, ""12"": 0.181818181818183, ""14"": -0.2272727272727204, ""16"": -0.13636363636363447, ""18"": 0.909090909090915}"
runs/iqformer_s1,LSTM=W3A32,0.62725,0.6420315475700562,-0.7136363636363607,4421,1162,848,2.6450020442504167e-12,1.272044,"{""-20"": 0.1009090909090909, ""-18"": 0.10454545454545454, ""-16"": 0.10681818181818181, ""-14"": 0.16272727272727272, ""-12"": 0.19363636363636363, ""-10"": 0.2631818181818182, ""-8"": 0.3704545454545455, ""-6"": 0.575, ""-4"": 0.72, ""-2"": 0.8268181818181818, ""0"": 0.8886363636363637, ""2"": 0.9090909090909091, ""4"": 0.9086363636363637, ""6"": 0.9172727272727272, ""8"": 0.9145454545454546, ""10"": 0.915, ""12"": 0.9159090909090909, ""14"": 0.9268181818181818, ""16"": 0.9118181818181819, ""18"": 0.9131818181818182}","{""-20"": 0.31818181818181746, ""-18"": 0.0, ""-16"": 0.4545454545454533, ""-14"": 1.772727272727273, ""-12"": 0.8181818181818179, ""-10"": 0.9090909090909094, ""-8"": -0.9090909090909038, ""-6"": -1.0454545454545494, ""-4"": -1.5454545454545499, ""-2"": -2.0000000000000018, ""0"": -1.6363636363636358, ""2"": -1.4090909090909154, ""4"": -1.5454545454545388, ""6"": -1.3181818181818183, ""8"": -1.0909090909090868, ""10"": -1.2727272727272698, ""12"": -1.1818181818181839, ""14"": -0.6818181818181834, ""16"": -1.8636363636363562, ""18"": -1.0454545454545383}"
runs/iqformer_s1,LSTM=W32A8,0.6344545454545455,0.6564647426616358,0.00681818181819116,152,49,52,0.8423820985077433,1.416428,"{""-20"": 0.09727272727272727, ""-18"": 0.105, ""-16"": 0.10272727272727272, ""-14"": 0.145, ""-12"": 0.1831818181818182, ""-10"": 0.25363636363636366, ""-8"": 0.38045454545454543, ""-6"": 0.5840909090909091, ""-4"": 0.7372727272727273, ""-2"": 0.8477272727272728, ""0"": 0.905, ""2"": 0.9236363636363636, ""4"": 0.9240909090909091, ""6"": 0.9304545454545454, ""8"": 0.9259090909090909, ""10"": 0.9277272727272727, ""12"": 0.9281818181818182, ""14"": 0.9345454545454546, ""16"": 0.9286363636363636, ""18"": 0.9245454545454546}","{""-20"": -0.04545454545454575, ""-18"": 0.04545454545454575, ""-16"": 0.04545454545454436, ""-14"": 0.0, ""-12"": -0.22727272727272596, ""-10"": -0.04545454545454297, ""-8"": 0.0909090909090915, ""-6"": -0.13636363636363447, ""-4"": 0.181818181818183, ""-2"": 0.09090909090909705, ""0"": 0.0, ""2"": 0.04545454545453742, ""4"": 0.0, ""6"": 0.0, ""8"": 0.04545454545454852, ""10"": 0.0, ""12"": 0.04545454545454852, ""14"": 0.09090909090909705, ""16"": -0.181818181818183, ""18"": 0.09090909090909705}"
runs/iqformer_s1,LSTM=W32A6,0.6349545454545454,0.6568148460924786,0.056818181818185653,561,159,184,0.19494402523244062,1.416428,"{""-20"": 0.09727272727272727, ""-18"": 0.10318181818181818, ""-16"": 0.1009090909090909, ""-14"": 0.145, ""-12"": 0.18272727272727274, ""-10"": 0.25363636363636366, ""-8"": 0.3795454545454545, ""-6"": 0.5859090909090909, ""-4"": 0.740909090909091, ""-2"": 0.8436363636363636, ""0"": 0.9054545454545454, ""2"": 0.9236363636363636, ""4"": 0.9245454545454546, ""6"": 0.9318181818181818, ""8"": 0.925, ""10"": 0.9290909090909091, ""12"": 0.9277272727272727, ""14"": 0.9345454545454546, ""16"": 0.9322727272727273, ""18"": 0.9322727272727273}","{""-20"": -0.04545454545454575, ""-18"": -0.13636363636363585, ""-16"": -0.13636363636363724, ""-14"": 0.0, ""-12"": -0.2727272727272717, ""-10"": -0.04545454545454297, ""-8"": 0.0, ""-6"": 0.04545454545454852, ""-4"": 0.545454545454549, ""-2"": -0.31818181818181746, ""0"": 0.04545454545453742, ""2"": 0.04545454545453742, ""4"": 0.04545454545454852, ""6"": 0.13636363636363447, ""8"": -0.04545454545453742, ""10"": 0.13636363636363447, ""12"": 0.0, ""14"": 0.09090909090909705, ""16"": 0.181818181818183, ""18"": 0.8636363636363664}"
runs/iqformer_s1,LSTM=W32A4,0.6270909090909091,0.6471589481721655,-0.7295454545454438,3113,1067,746,4.892108031720865e-14,1.416428,"{""-20"": 0.09772727272727273, ""-18"": 0.10045454545454545, ""-16"": 0.10545454545454545, ""-14"": 0.14, ""-12"": 0.18363636363636363, ""-10"": 0.255, ""-8"": 0.3709090909090909, ""-6"": 0.5818181818181818, ""-4"": 0.7331818181818182, ""-2"": 0.8377272727272728, ""0"": 0.8913636363636364, ""2"": 0.915, ""4"": 0.9159090909090909, ""6"": 0.9168181818181819, ""8"": 0.9122727272727272, ""10"": 0.9168181818181819, ""12"": 0.9140909090909091, ""14"": 0.9181818181818182, ""16"": 0.9204545454545454, ""18"": 0.915}","{""-20"": 0.0, ""-18"": -0.40909090909090895, ""-16"": 0.31818181818181746, ""-14"": -0.49999999999999767, ""-12"": -0.181818181818183, ""-10"": 0.0909090909090915, ""-8"": -0.8636363636363609, ""-6"": -0.363636363636366, ""-4"": -0.2272727272727315, ""-2"": -0.9090909090909038, ""0"": -1.3636363636363669, ""2"": -0.8181818181818179, ""4"": -0.8181818181818179, ""6"": -1.3636363636363558, ""8"": -1.3181818181818183, ""10"": -1.0909090909090868, ""12"": -1.3636363636363669, ""14"": -1.5454545454545388, ""16"": -1.0000000000000009, ""18"": -0.8636363636363553}"
runs/iqformer_s1,HEAD=W8A8,0.6345,0.6565757105584187,0.01136363636363713,296,87,92,0.7650574199487117,1.41436,"{""-20"": 0.09636363636363636, ""-18"": 0.10454545454545454, ""-16"": 0.10363636363636364, ""-14"": 0.14636363636363636, ""-12"": 0.185, ""-10"": 0.25181818181818183, ""-8"": 0.3759090909090909, ""-6"": 0.5836363636363636, ""-4"": 0.7381818181818182, ""-2"": 0.8486363636363636, ""0"": 0.9054545454545454, ""2"": 0.9240909090909091, ""4"": 0.9240909090909091, ""6"": 0.9304545454545454, ""8"": 0.9263636363636364, ""10"": 0.9281818181818182, ""12"": 0.9268181818181818, ""14"": 0.9322727272727273, ""16"": 0.93, ""18"": 0.9281818181818182}","{""-20"": -0.13636363636363724, ""-18"": 0.0, ""-16"": 0.13636363636363585, ""-14"": 0.13636363636363724, ""-12"": -0.04545454545454575, ""-10"": -0.22727272727272596, ""-8"": -0.3636363636363604, ""-6"": -0.181818181818183, ""-4"": 0.27272727272726893, ""-2"": 0.181818181818183, ""0"": 0.04545454545453742, ""2"": 0.09090909090908594, ""4"": 0.0, ""6"": 0.0, ""8"": 0.09090909090909705, ""10"": 0.04545454545454852, ""12"": -0.09090909090909705, ""14"": -0.13636363636363447, ""16"": -0.04545454545453742, ""18"": 0.454545454545463}"
runs/iqformer_s1,HEAD=W6A6,0.6342727272727273,0.6552679547543402,-0.011363636363626028,1001,270,265,0.8627230538349454,1.414184,"{""-20"": 0.1, ""-18"": 0.10318181818181818, ""-16"": 0.1040909090909091, ""-14"": 0.14272727272727273, ""-12"": 0.1859090909090909, ""-10"": 0.25272727272727274, ""-8"": 0.3704545454545455, ""-6"": 0.5836363636363636, ""-4"": 0.7381818181818182, ""-2"": 0.8440909090909091, ""0"": 0.9068181818181819, ""2"": 0.9254545454545454, ""4"": 0.9236363636363636, ""6"": 0.9304545454545454, ""8"": 0.925, ""10"": 0.9281818181818182, ""12"": 0.9295454545454546, ""14"": 0.9331818181818182, ""16"": 0.9281818181818182, ""18"": 0.93}","{""-20"": 0.22727272727272735, ""-18"": -0.13636363636363585, ""-16"": 0.1818181818181816, ""-14"": -0.22727272727272596, ""-12"": 0.04545454545454575, ""-10"": -0.13636363636363447, ""-8"": -0.9090909090909038, ""-6"": -0.181818181818183, ""-4"": 0.27272727272726893, ""-2"": -0.27272727272726893, ""0"": 0.181818181818183, ""2"": 0.2272727272727204, ""4"": -0.04545454545454852, ""6"": 0.0, ""8"": -0.04545454545453742, ""10"": 0.04545454545454852, ""12"": 0.181818181818183, ""14"": -0.04545454545453742, ""16"": -0.2272727272727204, ""18"": 0.636363636363646}"
runs/iqformer_s1,HEAD=W4A4,0.6271818181818182,0.6419264673042646,-0.7204545454545408,4811,1168,851,1.8302610295683942e-12,1.414008,"{""-20"": 0.09681818181818182, ""-18"": 0.10318181818181818, ""-16"": 0.105, ""-14"": 0.14636363636363636, ""-12"": 0.18636363636363637, ""-10"": 0.25136363636363634, ""-8"": 0.3795454545454545, ""-6"": 0.5709090909090909, ""-4"": 0.7227272727272728, ""-2"": 0.8340909090909091, ""0"": 0.895, ""2"": 0.9086363636363637, ""4"": 0.9122727272727272, ""6"": 0.9195454545454546, ""8"": 0.9168181818181819, ""10"": 0.9177272727272727, ""12"": 0.9163636363636364, ""14"": 0.9218181818181819, ""16"": 0.9204545454545454, ""18"": 0.9186363636363636}","{""-20"": -0.0909090909090915, ""-18"": -0.13636363636363585, ""-16"": 0.2727272727272717, ""-14"": 0.13636363636363724, ""-12"": 0.0909090909090915, ""-10"": -0.2727272727272745, ""-8"": 0.0, ""-6"": -1.4545454545454528, ""-4"": -1.2727272727272698, ""-2"": -1.2727272727272698, ""0"": -1.0000000000000009, ""2"": -1.4545454545454528, ""4"": -1.1818181818181839, ""6"": -1.0909090909090868, ""8"": -0.8636363636363553, ""10"": -1.0000000000000009, ""12"": -1.1363636363636354, ""14"": -1.1818181818181728, ""16"": -1.0000000000000009, ""18"": -0.5000000000000004}"
runs/iqformer_s1,HEAD=W8A32,0.6344318181818182,0.6565519690681456,0.004545454545457073,48,14,16,0.8555355519056321,1.41436,"{""-20"": 0.09772727272727273, ""-18"": 0.10454545454545454, ""-16"": 0.10227272727272728, ""-14"": 0.1459090909090909, ""-12"": 0.18454545454545454, ""-10"": 0.2531818181818182, ""-8"": 0.38, ""-6"": 0.5859090909090909, ""-4"": 0.735, ""-2"": 0.8477272727272728, ""0"": 0.905, ""2"": 0.9231818181818182, ""4"": 0.9240909090909091, ""6"": 0.9304545454545454, ""8"": 0.9254545454545454, ""10"": 0.9277272727272727, ""12"": 0.9277272727272727, ""14"": 0.9340909090909091, ""16"": 0.93, ""18"": 0.9240909090909091}","{""-20"": 0.0, ""-18"": 0.0, ""-16"": 0.0, ""-14"": 0.0909090909090915, ""-12"": -0.0909090909090915, ""-10"": -0.0909090909090915, ""-8"": 0.04545454545454852, ""-6"": 0.04545454545454852, ""-4"": -0.04545454545454852, ""-2"": 0.09090909090909705, ""0"": 0.0, ""2"": 0.0, ""4"": 0.0, ""6"": 0.0, ""8"": 0.0, ""10"": 0.0, ""12"": 0.0, ""14"": 0.04545454545454852, ""16"": -0.04545454545453742, ""18"": 0.04545454545454852}"
runs/iqformer_s1,HEAD=W6A32,0.6347045454545455,0.6559096030394463,0.03181818181818841,342,127,141,0.4271902756046908,1.414184,"{""-20"": 0.09772727272727273, ""-18"": 0.10454545454545454, ""-16"": 0.10272727272727272, ""-14"": 0.14545454545454545, ""-12"": 0.1831818181818182, ""-10"": 0.25227272727272726, ""-8"": 0.3781818181818182, ""-6"": 0.5840909090909091, ""-4"": 0.7368181818181818, ""-2"": 0.8477272727272728, ""0"": 0.9072727272727272, ""2"": 0.9245454545454546, ""4"": 0.9231818181818182, ""6"": 0.9304545454545454, ""8"": 0.9254545454545454, ""10"": 0.9286363636363636, ""12"": 0.9286363636363636, ""14"": 0.9327272727272727, ""16"": 0.93, ""18"": 0.9304545454545454}","{""-20"": 0.0, ""-18"": 0.0, ""-16"": 0.04545454545454436, ""-14"": 0.04545454545454575, ""-12"": -0.22727272727272596, ""-10"": -0.181818181818183, ""-8"": -0.13636363636363447, ""-6"": -0.13636363636363447, ""-4"": 0.13636363636363447, ""-2"": 0.09090909090909705, ""0"": 0.2272727272727204, ""2"": 0.13636363636363447, ""4"": -0.09090909090908594, ""6"": 0.0, ""8"": 0.0, ""10"": 0.09090909090908594, ""12"": 0.09090909090908594, ""14"": -0.09090909090908594, ""16"": -0.04545454545453742, ""18"": 0.6818181818181834}"
runs/iqformer_s1,HEAD=W4A32,0.6347045454545455,0.6551591864174806,0.03181818181818841,795,259,273,0.5730529371128538,1.414008,"{""-20"": 0.09772727272727273, ""-18"": 0.10272727272727272, ""-16"": 0.10318181818181818, ""-14"": 0.14545454545454545, ""-12"": 0.185, ""-10"": 0.2540909090909091, ""-8"": 0.37863636363636366, ""-6"": 0.5890909090909091, ""-4"": 0.7331818181818182, ""-2"": 0.8490909090909091, ""0"": 0.9063636363636364, ""2"": 0.9245454545454546, ""4"": 0.9227272727272727, ""6"": 0.9295454545454546, ""8"": 0.925, ""10"": 0.9295454545454546, ""12"": 0.9286363636363636, ""14"": 0.9322727272727273, ""16"": 0.9286363636363636, ""18"": 0.9286363636363636}","{""-20"": 0.0, ""-18"": -0.1818181818181816, ""-16"": 0.0909090909090901, ""-14"": 0.04545454545454575, ""-12"": -0.04545454545454575, ""-10"": 0.0, ""-8"": -0.09090909090908594, ""-6"": 0.363636363636366, ""-4"": -0.2272727272727315, ""-2"": 0.2272727272727315, ""0"": 0.13636363636363447, ""2"": 0.13636363636363447, ""4"": -0.13636363636363447, ""6"": -0.09090909090908594, ""8"": -0.04545454545453742, ""10"": 0.181818181818183, ""12"": 0.09090909090908594, ""14"": -0.13636363636363447, ""16"": -0.181818181818183, ""18"": 0.5000000000000004}"
runs/iqformer_s1,HEAD=W3A32,0.6341363636363636,0.6515837540192391,-0.024999999999997247,1813,552,541,0.7623057510936707,1.41392,"{""-20"": 0.09681818181818182, ""-18"": 0.10227272727272728, ""-16"": 0.10636363636363637, ""-14"": 0.15136363636363637, ""-12"": 0.17863636363636365, ""-10"": 0.2586363636363636, ""-8"": 0.38545454545454544, ""-6"": 0.5827272727272728, ""-4"": 0.7322727272727273, ""-2"": 0.8422727272727273, ""0"": 0.905, ""2"": 0.9227272727272727, ""4"": 0.9240909090909091, ""6"": 0.9281818181818182, ""8"": 0.9240909090909091, ""10"": 0.9277272727272727, ""12"": 0.9263636363636364, ""14"": 0.9309090909090909, ""16"": 0.9277272727272727, ""18"": 0.9290909090909091}","{""-20"": -0.0909090909090915, ""-18"": -0.22727272727272596, ""-16"": 0.40909090909090895, ""-14"": 0.6363636363636377, ""-12"": -0.6818181818181807, ""-10"": 0.4545454545454519, ""-8"": 0.5909090909090919, ""-6"": -0.27272727272726893, ""-4"": -0.31818181818181746, ""-2"": -0.4545454545454519, ""0"": 0.0, ""2"": -0.04545454545454852, ""4"": 0.0, ""6"": -0.2272727272727204, ""8"": -0.13636363636363447, ""10"": 0.0, ""12"": -0.13636363636363447, ""14"": -0.27272727272726893, ""16"": -0.27272727272726893, ""18"": 0.545454545454549}"
runs/iqformer_s1,HEAD=W32A8,0.6343409090909091,0.6563264971726562,-0.0045454545454459705,303,94,92,0.9415748463707169,1.416428,"{""-20"": 0.09636363636363636, ""-18"": 0.10454545454545454, ""-16"": 0.1040909090909091, ""-14"": 0.14636363636363636, ""-12"": 0.18454545454545454, ""-10"": 0.25227272727272726, ""-8"": 0.37454545454545457, ""-6"": 0.5836363636363636, ""-4"": 0.7377272727272727, ""-2"": 0.8472727272727273, ""0"": 0.9054545454545454, ""2"": 0.9240909090909091, ""4"": 0.9240909090909091, ""6"": 0.9304545454545454, ""8"": 0.9263636363636364, ""10"": 0.9281818181818182, ""12"": 0.9268181818181818, ""14"": 0.9318181818181818, ""16"": 0.93, ""18"": 0.9281818181818182}","{""-20"": -0.13636363636363724, ""-18"": 0.0, ""-16"": 0.1818181818181816, ""-14"": 0.13636363636363724, ""-12"": -0.0909090909090915, ""-10"": -0.181818181818183, ""-8"": -0.4999999999999949, ""-6"": -0.181818181818183, ""-4"": 0.2272727272727204, ""-2"": 0.04545454545454852, ""0"": 0.04545454545453742, ""2"": 0.09090909090908594, ""4"": 0.0, ""6"": 0.0, ""8"": 0.09090909090909705, ""10"": 0.04545454545454852, ""12"": -0.09090909090909705, ""14"": -0.181818181818183, ""16"": -0.04545454545453742, ""18"": 0.454545454545463}"
runs/iqformer_s1,HEAD=W32A6,0.6339772727272728,0.6556180849609884,-0.04090909090908035,1010,283,265,0.46774588598971145,1.416428,"{""-20"": 0.09954545454545455, ""-18"": 0.10227272727272728, ""-16"": 0.1040909090909091, ""-14"": 0.1431818181818182, ""-12"": 0.1859090909090909, ""-10"": 0.2531818181818182, ""-8"": 0.36818181818181817, ""-6"": 0.5845454545454546, ""-4"": 0.735909090909091, ""-2"": 0.8454545454545455, ""0"": 0.9063636363636364, ""2"": 0.9254545454545454, ""4"": 0.9222727272727272, ""6"": 0.9295454545454546, ""8"": 0.9254545454545454, ""10"": 0.9281818181818182, ""12"": 0.9295454545454546, ""14"": 0.9354545454545454, ""16"": 0.9263636363636364, ""18"": 0.9286363636363636}","{""-20"": 0.1818181818181816, ""-18"": -0.22727272727272596, ""-16"": 0.1818181818181816, ""-14"": -0.1818181818181802, ""-12"": 0.04545454545454575, ""-10"": -0.0909090909090915, ""-8"": -1.1363636363636354, ""-6"": -0.09090909090908594, ""-4"": 0.04545454545454852, ""-2"": -0.13636363636363447, ""0"": 0.13636363636363447, ""2"": 0.2272727272727204, ""4"": -0.181818181818183, ""6"": -0.09090909090908594, ""8"": 0.0, ""10"": 0.04545454545454852, ""12"": 0.181818181818183, ""14"": 0.181818181818183, ""16"": -0.4090909090909034, ""18"": 0.5000000000000004}"
runs/iqformer_s1,HEAD=W32A4,0.6282727272727273,0.6448913218414488,-0.6113636363636266,4804,1197,928,5.840650321891045e-09,1.416428,"{""-20"": 0.09454545454545454, ""-18"": 0.1040909090909091, ""-16"": 0.10590909090909091, ""-14"": 0.1440909090909091, ""-12"": 0.18681818181818183, ""-10"": 0.2559090909090909, ""-8"": 0.38636363636363635, ""-6"": 0.5686363636363636, ""-4"": 0.7254545454545455, ""-2"": 0.835, ""0"": 0.8954545454545455, ""2"": 0.9113636363636364, ""4"": 0.9131818181818182, ""6"": 0.9186363636363636, ""8"": 0.9163636363636364, ""10"": 0.9159090909090909, ""12"": 0.9213636363636364, ""14"": 0.9240909090909091, ""16"": 0.92, ""18"": 0.9222727272727272}","{""-20"": -0.31818181818181884, ""-18"": -0.04545454545454436, ""-16"": 0.3636363636363632, ""-14"": -0.09090909090908872, ""-12"": 0.13636363636363724, ""-10"": 0.181818181818183, ""-8"": 0.6818181818181834, ""-6"": -1.6818181818181843, ""-4"": -1.0000000000000009, ""-2"": -1.1818181818181839, ""0"": -0.9545454545454524, ""2"": -1.1818181818181839, ""4"": -1.0909090909090868, ""6"": -1.1818181818181839, ""8"": -0.9090909090909038, ""10"": -1.1818181818181839, ""12"": -0.6363636363636349, ""14"": -0.9545454545454524, ""16"": -1.0454545454545383, ""18"": -0.13636363636363447}"
runs/iqformer_s2,FP32,0.6390454545454546,0.6616862429063095,0.0,0,0,0,1.0,1.420196,"{""-20"": 0.095, ""-18"": 0.09727272727272727, ""-16"": 0.10363636363636364, ""-14"": 0.13727272727272727, ""-12"": 0.19, ""-10"": 0.26045454545454544, ""-8"": 0.4059090909090909, ""-6"": 0.5945454545454546, ""-4"": 0.740909090909091, ""-2"": 0.8581818181818182, ""0"": 0.9086363636363637, ""2"": 0.9277272727272727, ""4"": 0.9272727272727272, ""6"": 0.9331818181818182, ""8"": 0.9309090909090909, ""10"": 0.9313636363636364, ""12"": 0.9340909090909091, ""14"": 0.9354545454545454, ""16"": 0.9318181818181818, ""18"": 0.9372727272727273}",
runs/iqformer_s2,CONV=W8A8,0.639,0.6615145561606047,-0.004545454545457073,328,85,83,0.9385334053888001,0.657652,"{""-20"": 0.09818181818181818, ""-18"": 0.09681818181818182, ""-16"": 0.10363636363636364, ""-14"": 0.1390909090909091, ""-12"": 0.18954545454545454, ""-10"": 0.26045454545454544, ""-8"": 0.4022727272727273, ""-6"": 0.595, ""-4"": 0.7381818181818182, ""-2"": 0.86, ""0"": 0.9090909090909091, ""2"": 0.9272727272727272, ""4"": 0.9272727272727272, ""6"": 0.9331818181818182, ""8"": 0.93, ""10"": 0.9313636363636364, ""12"": 0.9345454545454546, ""14"": 0.9354545454545454, ""16"": 0.9322727272727273, ""18"": 0.9363636363636364}","{""-20"": 0.31818181818181746, ""-18"": -0.04545454545454575, ""-16"": 0.0, ""-14"": 0.181818181818183, ""-12"": -0.04545454545454575, ""-10"": 0.0, ""-8"": -0.3636363636363604, ""-6"": 0.04545454545453742, ""-4"": -0.27272727272728003, ""-2"": 0.181818181818183, ""0"": 0.04545454545453742, ""2"": -0.04545454545454852, ""4"": 0.0, ""6"": 0.0, ""8"": -0.09090909090908594, ""10"": 0.0, ""12"": 0.04545454545454852, ""14"": 0.0, ""16"": 0.04545454545454852, ""18"": -0.09090909090908594}"
runs/iqformer_s2,CONV=W6A6,0.6381363636363636,0.660701377334233,-0.09090909090909705,1295,346,306,0.126607395783531,0.59337,"{""-20"": 0.09954545454545455, ""-18"": 0.09545454545454546, ""-16"": 0.09954545454545455, ""-14"": 0.13863636363636364, ""-12"": 0.19045454545454546, ""-10"": 0.26454545454545453, ""-8"": 0.4077272727272727, ""-6"": 0.585, ""-4"": 0.7340909090909091, ""-2"": 0.8590909090909091, ""0"": 0.9059090909090909, ""2"": 0.9309090909090909, ""4"": 0.9272727272727272, ""6"": 0.9327272727272727, ""8"": 0.9290909090909091, ""10"": 0.93, ""12"": 0.9322727272727273, ""14"": 0.9345454545454546, ""16"": 0.9304545454545454, ""18"": 0.9354545454545454}","{""-20"": 0.4545454545454547, ""-18"": -0.1818181818181816, ""-16"": -0.40909090909090895, ""-14"": 0.13636363636363724, ""-12"": 0.04545454545454575, ""-10"": 0.40909090909090895, ""-8"": 0.181818181818183, ""-6"": -0.9545454545454635, ""-4"": -0.6818181818181834, ""-2"": 0.09090909090909705, ""0"": -0.27272727272728003, ""2"": 0.31818181818181746, ""4"": 0.0, ""6"": -0.04545454545454852, ""8"": -0.181818181818183, ""10"": -0.13636363636363447, ""12"": -0.181818181818183, ""14"": -0.09090909090908594, ""16"": -0.13636363636363447, ""18"": -0.181818181818183}"
runs/iqformer_s2,CONV=W4A4,0.39904545454545454,0.40636266371455304,-24.000000000000004,22153,12173,1613,0.0,0.529088,"{""-20"": 0.11136363636363636, ""-18"": 0.115, ""-16"": 0.12136363636363637, ""-14"": 0.12681818181818183, ""-12"": 0.1481818181818182, ""-10"": 0.17863636363636365, ""-8"": 0.22954545454545455, ""-6"": 0.33590909090909093, ""-4"": 0.4486363636363636, ""-2"": 0.5640909090909091, ""0"": 0.6327272727272727, ""2"": 0.6145454545454545, ""4"": 0.5863636363636363, ""6"": 0.5640909090909091, ""8"": 0.5522727272727272, ""10"": 0.5363636363636364, ""12"": 0.5363636363636364, ""14"": 0.5268181818181819, ""16"": 0.5272727272727272, ""18"": 0.5245454545454545}","{""-20"": 1.6363636363636358, ""-18"": 1.772727272727273, ""-16"": 1.772727272727273, ""-14"": -1.0454545454545439, ""-12"": -4.181818181818181, ""-10"": -8.18181818181818, ""-8"": -17.636363636363633, ""-6"": -25.863636363636367, ""-4"": -29.227272727272734, ""-2"": -29.409090909090907, ""0"": -27.5909090909091, ""2"": -31.318181818181824, ""4"": -34.09090909090909, ""6"": -36.909090909090914, ""8"": -37.86363636363637, ""10"": -39.5, ""12"": -39.77272727272727, ""14"": -40.86363636363636, ""16"": -40.45454545454545, ""18"": -41.27272727272727}"
runs/iqformer_s2,CONV=W8A32,0.6387727272727273,0.6613221060207036,-0.027272727272731334,114,34,22,0.1408954235984807,0.657652,"{""-20"": 0.09636363636363636, ""-18"": 0.09727272727272727, ""-16"": 0.10318181818181818, ""-14"": 0.1368181818181818, ""-12"": 0.18954545454545454, ""-10"": 0.26045454545454544, ""-8"": 0.40545454545454546, ""-6"": 0.5931818181818181, ""-4"": 0.7390909090909091, ""-2"": 0.8581818181818182, ""0"": 0.9090909090909091, ""2"": 0.9263636363636364, ""4"": 0.9268181818181818, ""6"": 0.9327272727272727, ""8"": 0.9309090909090909, ""10"": 0.9313636363636364, ""12"": 0.9345454545454546, ""14"": 0.9354545454545454, ""16"": 0.9318181818181818, ""18"": 0.9368181818181818}","{""-20"": 0.13636363636363585, ""-18"": 0.0, ""-16"": -0.04545454545454575, ""-14"": -0.04545454545454575, ""-12"": -0.04545454545454575, ""-10"": 0.0, ""-8"": -0.04545454545454297, ""-6"": -0.13636363636364557, ""-4"": -0.181818181818183, ""-2"": 0.0, ""0"": 0.04545454545453742, ""2"": -0.13636363636363447, ""4"": -0.04545454545454852, ""6"": -0.04545454545454852, ""8"": 0.0, ""10"": 0.0, ""12"": 0.04545454545454852, ""14"": 0.0, ""16"": 0.0, ""18"": -0.04545454545454852}"
runs/iqformer_s2,CONV=W6A32,0.63875,0.6615110932826895,-0.02954545454545432,370,95,82,0.36711384479802556,0.59337,"{""-20"": 0.095, ""-18"": 0.09636363636363636, ""-16"": 0.10363636363636364, ""-14"": 0.13545454545454547, ""-12"": 0.18818181818181817, ""-10"": 0.2586363636363636, ""-8"": 0.4031818181818182, ""-6"": 0.5931818181818181, ""-4"": 0.7386363636363636, ""-2"": 0.8586363636363636, ""0"": 0.9109090909090909, ""2"": 0.9286363636363636, ""4"": 0.9295454545454546, ""6"": 0.9331818181818182, ""8"": 0.9313636363636364, ""10"": 0.9313636363636364, ""12"": 0.935, ""14"": 0.9359090909090909, ""16"": 0.9322727272727273, ""18"": 0.9359090909090909}","{""-20"": 0.0, ""-18"": -0.0909090909090915, ""-16"": 0.0, ""-14"": -0.1818181818181802, ""-12"": -0.181818181818183, ""-10"": -0.181818181818183, ""-8"": -0.27272727272726893, ""-6"": -0.13636363636364557, ""-4"": -0.2272727272727315, ""-2"": 0.04545454545454852, ""0"": 0.2272727272727204, ""2"": 0.09090909090908594, ""4"": 0.2272727272727315, ""6"": 0.0, ""8"": 0.04545454545454852, ""10"": 0.0, ""12"": 0.09090909090909705, ""14"": 0.04545454545454852, ""16"": 0.04545454545454852, ""18"": -0.13636363636363447}"
runs/iqformer_s2,CONV=W4A32,0.6374772727272727,0.6590547262941338,-0.15681818181818574,1681,428,359,0.015300262391661481,0.529088,"{""-20"": 0.095, ""-18"": 0.09545454545454546, ""-16"": 0.10227272727272728, ""-14"": 0.13318181818181818, ""-12"": 0.17045454545454544, ""-10"": 0.25272727272727274, ""-8"": 0.41954545454545455, ""-6"": 0.5972727272727273, ""-4"": 0.74, ""-2"": 0.8531818181818182, ""0"": 0.9095454545454545, ""2"": 0.93, ""4"": 0.925, ""6"": 0.9318181818181818, ""8"": 0.9309090909090909, ""10"": 0.9295454545454546, ""12"": 0.9336363636363636, ""14"": 0.9327272727272727, ""16"": 0.9304545454545454, ""18"": 0.9368181818181818}","{""-20"": 0.0, ""-18"": -0.1818181818181816, ""-16"": -0.13636363636363585, ""-14"": -0.40909090909090895, ""-12"": -1.954545454545456, ""-10"": -0.7727272727272694, ""-8"": 1.3636363636363669, ""-6"": 0.27272727272726893, ""-4"": -0.09090909090909705, ""-2"": -0.5000000000000004, ""0"": 0.09090909090908594, ""2"": 0.2272727272727315, ""4"": -0.2272727272727204, ""6"": -0.13636363636364557, ""8"": 0.0, ""10"": -0.181818181818183, ""12"": -0.04545454545454852, ""14"": -0.27272727272726893, ""16"": -0.13636363636363447, ""18"": -0.04545454545454852}"
runs/iqformer_s2,CONV=W3A32,0.6188636363636364,0.6337382377260478,-2.018181818181819,5867,1981,1093,2.0929817895169793e-58,0.496947,"{""-20"": 0.1009090909090909, ""-18"": 0.1, ""-16"": 0.12, ""-14"": 0.16, ""-12"": 0.20545454545454545, ""-10"": 0.2822727272727273, ""-8"": 0.3990909090909091, ""-6"": 0.5268181818181819, ""-4"": 0.665, ""-2"": 0.7713636363636364, ""0"": 0.8581818181818182, ""2"": 0.9045454545454545, ""4"": 0.9018181818181819, ""6"": 0.9104545454545454, ""8"": 0.9054545454545454, ""10"": 0.9086363636363637, ""12"": 0.9068181818181819, ""14"": 0.9172727272727272, ""16"": 0.915, ""18"": 0.9181818181818182}","{""-20"": 0.5909090909090906, ""-18"": 0.2727272727272731, ""-16"": 1.6363636363636358, ""-14"": 2.2727272727272734, ""-12"": 1.5454545454545443, ""-10"": 2.1818181818181848, ""-8"": -0.6818181818181779, ""-6"": -6.772727272727275, ""-4"": -7.590909090909093, ""-2"": -8.68181818181818, ""0"": -5.045454545454553, ""2"": -2.3181818181818192, ""4"": -2.5454545454545396, ""6"": -2.272727272727282, ""8"": -2.5454545454545507, ""10"": -2.2727272727272707, ""12"": -2.7272727272727226, ""14"": -1.8181818181818188, ""16"": -1.6818181818181732, ""18"": -1.9090909090909047}"
runs/iqformer_s2,CONV=W32A8,0.6389090909090909,0.6615207354608329,-0.013636363636371218,296,78,72,0.6832317601040974,1.416428,"{""-20"": 0.09818181818181818, ""-18"": 0.09636363636363636, ""-16"": 0.10363636363636364, ""-14"": 0.13772727272727273, ""-12"": 0.1890909090909091, ""-10"": 0.26, ""-8"": 0.4036363636363636, ""-6"": 0.5940909090909091, ""-4"": 0.7422727272727273, ""-2"": 0.8572727272727273, ""0"": 0.9077272727272727, ""2"": 0.9272727272727272, ""4"": 0.9272727272727272, ""6"": 0.9322727272727273, ""8"": 0.9304545454545454, ""10"": 0.9313636363636364, ""12"": 0.9340909090909091, ""14"": 0.9354545454545454, ""16"": 0.9322727272727273, ""18"": 0.9377272727272727}","{""-20"": 0.31818181818181746, ""-18"": -0.0909090909090915, ""-16"": 0.0, ""-14"": 0.04545454545454575, ""-12"": -0.0909090909090915, ""-10"": -0.04545454545454297, ""-8"": -0.22727272727272596, ""-6"": -0.04545454545454852, ""-4"": 0.13636363636363447, ""-2"": -0.09090909090908594, ""0"": -0.09090909090909705, ""2"": -0.04545454545454852, ""4"": 0.0, ""6"": -0.09090909090909705, ""8"": -0.04545454545454852, ""10"": 0.0, ""12"": 0.0, ""14"": 0.0, ""16"": 0.04545454545454852, ""18"": 0.04545454545454852}"
runs/iqformer_s2,CONV=W32A6,0.6377954545454545,0.659896594901179,-0.12500000000000844,1330,357,302,0.035338844431423336,1.416428,"{""-20"": 0.10181818181818182, ""-18"": 0.09863636363636363, ""-16"": 0.10181818181818182, ""-14"": 0.1359090909090909, ""-12"": 0.18727272727272729, ""-10"": 0.2631818181818182, ""-8"": 0.4027272727272727, ""-6"": 0.5827272727272728, ""-4"": 0.7386363636363636, ""-2"": 0.8568181818181818, ""0"": 0.9045454545454545, ""2"": 0.9304545454545454, ""4"": 0.9259090909090909, ""6"": 0.9331818181818182, ""8"": 0.9290909090909091, ""10"": 0.9304545454545454, ""12"": 0.9318181818181818, ""14"": 0.9345454545454546, ""16"": 0.9309090909090909, ""18"": 0.9354545454545454}","{""-20"": 0.6818181818181821, ""-18"": 0.13636363636363585, ""-16"": -0.1818181818181816, ""-14"": -0.13636363636363724, ""-12"": -0.2727272727272717, ""-10"": 0.2727272727272745, ""-8"": -0.31818181818181746, ""-6"": -1.1818181818181839, ""-4"": -0.2272727272727315, ""-2"": -0.13636363636363447, ""0"": -0.4090909090909145, ""2"": 0.27272727272726893, ""4"": -0.13636363636363447, ""6"": 0.0, ""8"": -0.181818181818183, ""10"": -0.09090909090909705, ""12"": -0.2272727272727315, ""14"": -0.09090909090908594, ""16"": -0.09090909090908594, ""18"": -0.181818181818183}"
runs/iqformer_s2,CONV=W32A4,0.3578181818181818,0.37188081270806206,-28.12272727272728,26872,14275,1901,0.0,1.416428,"{""-20"": 0.10454545454545454, ""-18"": 0.10545454545454545, ""-16"": 0.10454545454545454, ""-14"": 0.10545454545454545, ""-12"": 0.1368181818181818, ""-10"": 0.16318181818181818, ""-8"": 0.205, ""-6"": 0.30272727272727273, ""-4"": 0.42454545454545456, ""-2"": 0.5272727272727272, ""0"": 0.5490909090909091, ""2"": 0.5463636363636364, ""4"": 0.5, ""6"": 0.509090909090909, ""8"": 0.48545454545454547, ""10"": 0.4777272727272727, ""12"": 0.48, ""14"": 0.48727272727272725, ""16"": 0.4740909090909091, ""18"": 0.4677272727272727}","{""-20"": 0.9545454545454537, ""-18"": 0.8181818181818179, ""-16"": 0.0909090909090901, ""-14"": -3.1818181818181817, ""-12"": -5.318181818181819, ""-10"": -9.727272727272727, ""-8"": -20.09090909090909, ""-6"": -29.181818181818187, ""-4"": -31.63636363636364, ""-2"": -33.09090909090909, ""0"": -35.95454545454546, ""2"": -38.13636363636363, ""4"": -42.72727272727273, ""6"": -42.40909090909092, ""8"": -44.54545454545455, ""10"": -45.36363636363637, ""12"": -45.40909090909091, ""14"": -44.81818181818182, ""16"": -45.772727272727266, ""18"": -46.95454545454545}"
runs/iqformer_s2,ATTN=W8A8,0.639,0.6616368347714158,-0.004545454545457073,72,19,17,0.8679394004284404,1.272044,"{""-20"": 0.09545454545454546, ""-18"": 0.09727272727272727, ""-16"": 0.10318181818181818, ""-14"": 0.13772727272727273, ""-12"": 0.1890909090909091, ""-10"": 0.2590909090909091, ""-8"": 0.4072727272727273, ""-6"": 0.5931818181818181, ""-4"": 0.7413636363636363, ""-2"": 0.8586363636363636, ""0"": 0.9090909090909091, ""2"": 0.9277272727272727, ""4"": 0.9277272727272727, ""6"": 0.9327272727272727, ""8"": 0.9309090909090909, ""10"": 0.9318181818181818, ""12"": 0.9340909090909091, ""14"": 0.935, ""16"": 0.9313636363636364, ""18"": 0.9372727272727273}","{""-20"": 0.04545454545454575, ""-18"": 0.0, ""-16"": -0.04545454545454575, ""-14"": 0.04545454545454575, ""-12"": -0.0909090909090915, ""-10"": -0.13636363636363447, ""-8"": 0.13636363636364002, ""-6"": -0.13636363636364557, ""-4"": 0.04545454545453742, ""-2"": 0.04545454545454852, ""0"": 0.04545454545453742, ""2"": 0.0, ""4"": 0.04545454545454852, ""6"": -0.04545454545454852, ""8"": 0.0, ""10"": 0.04545454545453742, ""12"": 0.0, ""14"": -0.04545454545453742, ""16"": -0.04545454545453742, ""18"": 0.0}"
runs/iqformer_s2,ATTN=W6A6,0.6385909090909091,0.6605920296284712,-0.04545454545454852,397,97,77,0.1495490400043833,1.259756,"{""-20"": 0.0959090909090909, ""-18"": 0.09636363636363636, ""-16"": 0.10363636363636364, ""-14"": 0.14, ""-12"": 0.18863636363636363, ""-10"": 0.2586363636363636, ""-8"": 0.4059090909090909, ""-6"": 0.5927272727272728, ""-4"": 0.7386363636363636, ""-2"": 0.855909090909091, ""0"": 0.9086363636363637, ""2"": 0.9272727272727272, ""4"": 0.9268181818181818, ""6"": 0.9327272727272727, ""8"": 0.9309090909090909, ""10"": 0.9318181818181818, ""12"": 0.9336363636363636, ""14"": 0.935, ""16"": 0.9313636363636364, ""18"": 0.9372727272727273}","{""-20"": 0.0909090909090901, ""-18"": -0.0909090909090915, ""-16"": 0.0, ""-14"": 0.2727272727272745, ""-12"": -0.13636363636363724, ""-10"": -0.181818181818183, ""-8"": 0.0, ""-6"": -0.181818181818183, ""-4"": -0.2272727272727315, ""-2"": -0.2272727272727204, ""0"": 0.0, ""2"": -0.04545454545454852, ""4"": -0.04545454545454852, ""6"": -0.04545454545454852, ""8"": 0.0, ""10"": 0.04545454545453742, ""12"": -0.04545454545454852, ""14"": -0.04545454545453742, ""16"": -0.04545454545453742, ""18"": 0.0}"
runs/iqformer_s2,ATTN=W4A4,0.63025,0.6485608711336144,-0.8795454545454606,3663,1086,699,4.6416270674936584e-20,1.247468,"{""-20"": 0.09818181818181818, ""-18"": 0.09772727272727273, ""-16"": 0.11318181818181818, ""-14"": 0.1618181818181818, ""-12"": 0.19818181818181818, ""-10"": 0.27045454545454545, ""-8"": 0.4077272727272727, ""-6"": 0.5654545454545454, ""-4"": 0.7072727272727273, ""-2"": 0.8304545454545454, ""0"": 0.8936363636363637, ""2"": 0.9177272727272727, ""4"": 0.9140909090909091, ""6"": 0.9122727272727272, ""8"": 0.9127272727272727, ""10"": 0.9145454545454546, ""12"": 0.9195454545454546, ""14"": 0.9209090909090909, ""16"": 0.9240909090909091, ""18"": 0.925}","{""-20"": 0.31818181818181746, ""-18"": 0.04545454545454575, ""-16"": 0.9545454545454537, ""-14"": 2.4545454545454537, ""-12"": 0.8181818181818179, ""-10"": 1.0000000000000009, ""-8"": 0.181818181818183, ""-6"": -2.9090909090909167, ""-4"": -3.3636363636363686, ""-2"": -2.772727272727271, ""0"": -1.5000000000000013, ""2"": -1.0000000000000009, ""4"": -1.3181818181818183, ""6"": -2.090909090909099, ""8"": -1.8181818181818188, ""10"": -1.6818181818181843, ""12"": -1.4545454545454528, ""14"": -1.4545454545454528, ""16"": -0.7727272727272694, ""18"": -1.2272727272727213}"
runs/iqformer_s2,ATTN=W8A32,0.639,0.6616329973944496,-0.004545454545457073,28,8,6,0.79052734375,1.272044,"{""-20"": 0.095, ""-18"": 0.09681818181818182, ""-16"": 0.10363636363636364, ""-14"": 0.13727272727272727, ""-12"": 0.19, ""-10"": 0.26045454545454544, ""-8"": 0.40636363636363637, ""-6"": 0.5931818181818181, ""-4"": 0.74, ""-2"": 0.8586363636363636, ""0"": 0.9090909090909091, ""2"": 0.9272727272727272, ""4"": 0.9281818181818182, ""6"": 0.9331818181818182, ""8"": 0.9309090909090909, ""10"": 0.9313636363636364, ""12"": 0.9340909090909091, ""14"": 0.9354545454545454, ""16"": 0.9318181818181818, ""18"": 0.9372727272727273}","{""-20"": 0.0, ""-18"": -0.04545454545454575, ""-16"": 0.0, ""-14"": 0.0, ""-12"": 0.0, ""-10"": 0.0, ""-8"": 0.04545454545454852, ""-6"": -0.13636363636364557, ""-4"": -0.09090909090909705, ""-2"": 0.04545454545454852, ""0"": 0.04545454545453742, ""2"": -0.04545454545454852, ""4"": 0.09090909090909705, ""6"": 0.0, ""8"": 0.0, ""10"": 0.0, ""12"": 0.0, ""14"": 0.0, ""16"": 0.0, ""18"": 0.0}"
runs/iqformer_s2,ATTN=W6A32,0.6389090909090909,0.661244051677536,-0.013636363636371218,141,36,30,0.5385827752459466,1.259756,"{""-20"": 0.09545454545454546, ""-18"": 0.09681818181818182, ""-16"": 0.10363636363636364, ""-14"": 0.13863636363636364, ""-12"": 0.18954545454545454, ""-10"": 0.2595454545454545, ""-8"": 0.4059090909090909, ""-6"": 0.5927272727272728, ""-4"": 0.7386363636363636, ""-2"": 0.8581818181818182, ""0"": 0.91, ""2"": 0.9277272727272727, ""4"": 0.9277272727272727, ""6"": 0.9327272727272727, ""8"": 0.9309090909090909, ""10"": 0.9313636363636364, ""12"": 0.9340909090909091, ""14"": 0.935, ""16"": 0.9318181818181818, ""18"": 0.9377272727272727}","{""-20"": 0.04545454545454575, ""-18"": -0.04545454545454575, ""-16"": 0.0, ""-14"": 0.13636363636363724, ""-12"": -0.04545454545454575, ""-10"": -0.0909090909090915, ""-8"": 0.0, ""-6"": -0.181818181818183, ""-4"": -0.2272727272727315, ""-2"": 0.0, ""0"": 0.13636363636363447, ""2"": 0.0, ""4"": 0.04545454545454852, ""6"": -0.04545454545454852, ""8"": 0.0, ""10"": 0.0, ""12"": 0.0, ""14"": -0.04545454545453742, ""16"": 0.0, ""18"": 0.04545454545454852}"
runs/iqformer_s2,ATTN=W4A32,0.6396136363636363,0.6619120315411003,0.05681818181817455,614,129,154,0.1535550400896381,1.247468,"{""-20"": 0.09727272727272727, ""-18"": 0.09909090909090909, ""-16"": 0.1040909090909091, ""-14"": 0.14136363636363636, ""-12"": 0.18818181818181817, ""-10"": 0.26545454545454544, ""-8"": 0.4036363636363636, ""-6"": 0.5913636363636363, ""-4"": 0.7427272727272727, ""-2"": 0.86, ""0"": 0.9077272727272727, ""2"": 0.9309090909090909, ""4"": 0.9263636363636364, ""6"": 0.9318181818181818, ""8"": 0.9318181818181818, ""10"": 0.9322727272727273, ""12"": 0.9331818181818182, ""14"": 0.9354545454545454, ""16"": 0.9318181818181818, ""18"": 0.9377272727272727}","{""-20"": 0.22727272727272735, ""-18"": 0.1818181818181816, ""-16"": 0.04545454545454575, ""-14"": 0.40909090909090895, ""-12"": -0.181818181818183, ""-10"": 0.5000000000000004, ""-8"": -0.22727272727272596, ""-6"": -0.31818181818182856, ""-4"": 0.1818181818181719, ""-2"": 0.181818181818183, ""0"": -0.09090909090909705, ""2"": 0.31818181818181746, ""4"": -0.09090909090908594, ""6"": -0.13636363636364557, ""8"": 0.09090909090908594, ""10"": 0.09090909090908594, ""12"": -0.09090909090908594, ""14"": 0.0, ""16"": 0.0, ""18"": 0.04545454545454852}"
runs/iqformer_s2,ATTN=W3A32,0.6355909090909091,0.6554757193228835,-0.3454545454545488,2011,532,380,5.409575878488232e-07,1.241324,"{""-20"": 0.09863636363636363, ""-18"": 0.1, ""-16"": 0.10818181818181818, ""-14"": 0.155, ""-12"": 0.20136363636363636, ""-10"": 0.27, ""-8"": 0.4059090909090909, ""-6"": 0.5631818181818182, ""-4"": 0.7145454545454546, ""-2"": 0.8418181818181818, ""0"": 0.9031818181818182, ""2"": 0.925, ""4"": 0.9204545454545454, ""6"": 0.9281818181818182, ""8"": 0.9286363636363636, ""10"": 0.9281818181818182, ""12"": 0.9286363636363636, ""14"": 0.9295454545454546, ""16"": 0.9313636363636364, ""18"": 0.93}","{""-20"": 0.3636363636363632, ""-18"": 0.2727272727272731, ""-16"": 0.4545454545454547, ""-14"": 1.772727272727273, ""-12"": 1.1363636363636354, ""-10"": 0.9545454545454579, ""-8"": 0.0, ""-6"": -3.136363636363637, ""-4"": -2.6363636363636367, ""-2"": -1.6363636363636358, ""0"": -0.545454545454549, ""2"": -0.27272727272726893, ""4"": -0.6818181818181834, ""6"": -0.5000000000000004, ""8"": -0.2272727272727315, ""10"": -0.31818181818181746, ""12"": -0.545454545454549, ""14"": -0.5909090909090864, ""16"": -0.04545454545453742, ""18"": -0.7272727272727209}"
runs/iqformer_s2,ATTN=W32A8,0.6390681818181818,0.6617256563310574,0.0022727272727229852,74,16,17,1.0,1.416428,"{""-20"": 0.09545454545454546, ""-18"": 0.09727272727272727, ""-16"": 0.10363636363636364, ""-14"": 0.13772727272727273, ""-12"": 0.19, ""-10"": 0.2595454545454545, ""-8"": 0.4059090909090909, ""-6"": 0.5945454545454546, ""-4"": 0.740909090909091, ""-2"": 0.8581818181818182, ""0"": 0.9095454545454545, ""2"": 0.9277272727272727, ""4"": 0.9268181818181818, ""6"": 0.9331818181818182, ""8"": 0.9309090909090909, ""10"": 0.9318181818181818, ""12"": 0.9340909090909091, ""14"": 0.935, ""16"": 0.9313636363636364, ""18"": 0.9377272727272727}","{""-20"": 0.04545454545454575, ""-18"": 0.0, ""-16"": 0.0, ""-14"": 0.04545454545454575, ""-12"": 0.0, ""-10"": -0.0909090909090915, ""-8"": 0.0, ""-6"": 0.0, ""-4"": 0.0, ""-2"": 0.0, ""0"": 0.09090909090908594, ""2"": 0.0, ""4"": -0.04545454545454852, ""6"": 0.0, ""8"": 0.0, ""10"": 0.04545454545453742, ""12"": 0.0, ""14"": -0.04545454545453742, ""16"": -0.04545454545453742, ""18"": 0.04545454545454852}"
runs/iqformer_s2,ATTN=W32A6,0.6383181818181818,0.6604893759421474,-0.07272727272727986,343,97,65,0.014612363079529664,1.416428,"{""-20"": 0.09636363636363636, ""-18"": 0.09545454545454546, ""-16"": 0.10227272727272728, ""-14"": 0.13818181818181818, ""-12"": 0.1890909090909091, ""-10"": 0.26045454545454544, ""-8"": 0.40454545454545454, ""-6"": 0.5936363636363636, ""-4"": 0.7386363636363636, ""-2"": 0.8554545454545455, ""0"": 0.9068181818181819, ""2"": 0.9277272727272727, ""4"": 0.9254545454545454, ""6"": 0.9322727272727273, ""8"": 0.9313636363636364, ""10"": 0.9313636363636364, ""12"": 0.9340909090909091, ""14"": 0.935, ""16"": 0.9313636363636364, ""18"": 0.9368181818181818}","{""-20"": 0.13636363636363585, ""-18"": -0.1818181818181816, ""-16"": -0.13636363636363585, ""-14"": 0.0909090909090915, ""-12"": -0.0909090909090915, ""-10"": 0.0, ""-8"": -0.13636363636363447, ""-6"": -0.09090909090909705, ""-4"": -0.2272727272727315, ""-2"": -0.27272727272726893, ""0"": -0.181818181818183, ""2"": 0.0, ""4"": -0.181818181818183, ""6"": -0.09090909090909705, ""8"": 0.04545454545454852, ""10"": 0.0, ""12"": 0.0, ""14"": -0.04545454545453742, ""16"": -0.04545454545453742, ""18"": -0.04545454545454852}"
runs/iqformer_s2,ATTN=W32A4,0.6300681818181818,0.6489272244479817,-0.8977272727272778,3479,1074,679,3.3806618745842088e-21,1.416428,"{""-20"": 0.09909090909090909, ""-18"": 0.09818181818181818, ""-16"": 0.11272727272727273, ""-14"": 0.15409090909090908, ""-12"": 0.2009090909090909, ""-10"": 0.2677272727272727, ""-8"": 0.4131818181818182, ""-6"": 0.5695454545454546, ""-4"": 0.7095454545454546, ""-2"": 0.8318181818181818, ""0"": 0.8936363636363637, ""2"": 0.9186363636363636, ""4"": 0.9122727272727272, ""6"": 0.9122727272727272, ""8"": 0.9136363636363637, ""10"": 0.9159090909090909, ""12"": 0.9172727272727272, ""14"": 0.9177272727272727, ""16"": 0.925, ""18"": 0.9181818181818182}","{""-20"": 0.40909090909090895, ""-18"": 0.0909090909090901, ""-16"": 0.9090909090909094, ""-14"": 1.6818181818181817, ""-12"": 1.0909090909090895, ""-10"": 0.7272727272727264, ""-8"": 0.727272727272732, ""-6"": -2.500000000000002, ""-4"": -3.136363636363637, ""-2"": -2.6363636363636367, ""0"": -1.5000000000000013, ""2"": -0.909090909090915, ""4"": -1.5000000000000013, ""6"": -2.090909090909099, ""8"": -1.7272727272727217, ""10"": -1.5454545454545499, ""12"": -1.6818181818181843, ""14"": -1.7727272727272703, ""16"": -0.6818181818181723, ""18"": -1.9090909090909047}"
runs/iqformer_s2,LSTM=W8A8,0.6391363636363636,0.661711472225116,0.009090909090903043,113,26,30,0.6888797607233395,1.297644,"{""-20"": 0.09545454545454546, ""-18"": 0.09681818181818182, ""-16"": 0.10363636363636364, ""-14"": 0.13727272727272727, ""-12"": 0.18863636363636363, ""-10"": 0.2609090909090909, ""-8"": 0.4068181818181818, ""-6"": 0.595, ""-4"": 0.740909090909091, ""-2"": 0.8586363636363636, ""0"": 0.9081818181818182, ""2"": 0.9277272727272727, ""4"": 0.9272727272727272, ""6"": 0.9327272727272727, ""8"": 0.9309090909090909, ""10"": 0.9313636363636364, ""12"": 0.9340909090909091, ""14"": 0.9359090909090909, ""16"": 0.9322727272727273, ""18"": 0.9381818181818182}","{""-20"": 0.04545454545454575, ""-18"": -0.04545454545454575, ""-16"": 0.0, ""-14"": 0.0, ""-12"": -0.13636363636363724, ""-10"": 0.04545454545454852, ""-8"": 0.0909090909090915, ""-6"": 0.04545454545453742, ""-4"": 0.0, ""-2"": 0.04545454545454852, ""0"": -0.04545454545454852, ""2"": 0.0, ""4"": 0.0, ""6"": -0.04545454545454852, ""8"": 0.0, ""10"": 0.0, ""12"": 0.0, ""14"": 0.04545454545454852, ""16"": 0.04545454545454852, ""18"": 0.09090909090909705}"
runs/iqformer_s2,LSTM=W6A6,0.6387045454545455,0.6612870602042217,-0.03409090909091139,414,112,97,0.3328577341005392,1.287404,"{""-20"": 0.095, ""-18"": 0.09681818181818182, ""-16"": 0.1040909090909091, ""-14"": 0.13818181818181818, ""-12"": 0.18409090909090908, ""-10"": 0.2609090909090909, ""-8"": 0.405, ""-6"": 0.5895454545454546, ""-4"": 0.7418181818181818, ""-2"": 0.8572727272727273, ""0"": 0.91, ""2"": 0.9281818181818182, ""4"": 0.9272727272727272, ""6"": 0.9331818181818182, ""8"": 0.9313636363636364, ""10"": 0.9318181818181818, ""12"": 0.9340909090909091, ""14"": 0.9363636363636364, ""16"": 0.9318181818181818, ""18"": 0.9372727272727273}","{""-20"": 0.0, ""-18"": -0.04545454545454575, ""-16"": 0.04545454545454575, ""-14"": 0.0909090909090915, ""-12"": -0.5909090909090919, ""-10"": 0.04545454545454852, ""-8"": -0.09090909090908594, ""-6"": -0.5000000000000004, ""-4"": 0.09090909090908594, ""-2"": -0.09090909090908594, ""0"": 0.13636363636363447, ""2"": 0.04545454545454852, ""4"": 0.0, ""6"": 0.0, ""8"": 0.04545454545454852, ""10"": 0.04545454545453742, ""12"": 0.0, ""14"": 0.09090909090909705, ""16"": 0.0, ""18"": 0.0}"
runs/iqformer_s2,LSTM=W4A4,0.6323409090909091,0.6520636583791438,-0.6704545454545463,2571,825,530,1.0724670042394103e-15,1.277164,"{""-20"": 0.09363636363636364, ""-18"": 0.095, ""-16"": 0.10363636363636364, ""-14"": 0.12681818181818183, ""-12"": 0.1668181818181818, ""-10"": 0.2609090909090909, ""-8"": 0.40863636363636363, ""-6"": 0.5959090909090909, ""-4"": 0.73, ""-2"": 0.8422727272727273, ""0"": 0.8959090909090909, ""2"": 0.9168181818181819, ""4"": 0.9204545454545454, ""6"": 0.9240909090909091, ""8"": 0.9268181818181818, ""10"": 0.9254545454545454, ""12"": 0.9277272727272727, ""14"": 0.9295454545454546, ""16"": 0.9268181818181818, ""18"": 0.9295454545454546}","{""-20"": -0.13636363636363585, ""-18"": -0.22727272727272735, ""-16"": 0.0, ""-14"": -1.0454545454545439, ""-12"": -2.3181818181818192, ""-10"": 0.04545454545454852, ""-8"": 0.2727272727272745, ""-6"": 0.13636363636363447, ""-4"": -1.090909090909098, ""-2"": -1.5909090909090873, ""0"": -1.272727272727281, ""2"": -1.0909090909090868, ""4"": -0.6818181818181834, ""6"": -0.909090909090915, ""8"": -0.4090909090909145, ""10"": -0.5909090909090975, ""12"": -0.6363636363636349, ""14"": -0.5909090909090864, ""16"": -0.5000000000000004, ""18"": -0.7727272727272694}"
runs/iqformer_s2,LSTM=W8A32,0.639,0.6615558427572764,-0.004545454545457073,57,11,9,0.8238029479980469,1.297644,"{""-20"": 0.095, ""-18"": 0.09727272727272727, ""-16"": 0.10363636363636364, ""-14"": 0.1368181818181818, ""-12"": 0.19, ""-10"": 0.26045454545454544, ""-8"": 0.4059090909090909, ""-6"": 0.5936363636363636, ""-4"": 0.7404545454545455, ""-2"": 0.8586363636363636, ""0"": 0.9086363636363637, ""2"": 0.9281818181818182, ""4"": 0.9268181818181818, ""6"": 0.9331818181818182, ""8"": 0.9309090909090909, ""10"": 0.9313636363636364, ""12"": 0.9340909090909091, ""14"": 0.9354545454545454, ""16"": 0.9318181818181818, ""18"": 0.9377272727272727}","{""-20"": 0.0, ""-18"": 0.0, ""-16"": 0.0, ""-14"": -0.04545454545454575, ""-12"": 0.0, ""-10"": 0.0, ""-8"": 0.0, ""-6"": -0.09090909090909705, ""-4"": -0.04545454545454852, ""-2"": 0.04545454545454852, ""0"": 0.0, ""2"": 0.04545454545454852, ""4"": -0.04545454545454852, ""6"": 0.0, ""8"": 0.0, ""10"": 0.0, ""12"": 0.0, ""14"": 0.0, ""16"": 0.0, ""18"": 0.04545454545454852}"
runs/iqformer_s2,LSTM=W6A32,0.6388863636363636,0.6615943876347239,-0.015909090909094203,203,55,48,0.5546010666648732,1.287404,"{""-20"": 0.09454545454545454, ""-18"": 0.0959090909090909, ""-16"": 0.10363636363636364, ""-14"": 0.13772727272727273, ""-12"": 0.18545454545454546, ""-10"": 0.26136363636363635, ""-8"": 0.4072727272727273, ""-6"": 0.5927272727272728, ""-4"": 0.7413636363636363, ""-2"": 0.8572727272727273, ""0"": 0.91, ""2"": 0.9281818181818182, ""4"": 0.9272727272727272, ""6"": 0.9331818181818182, ""8"": 0.9304545454545454, ""10"": 0.9322727272727273, ""12"": 0.9340909090909091, ""14"": 0.9359090909090909, ""16"": 0.9318181818181818, ""18"": 0.9372727272727273}","{""-20"": -0.04545454545454575, ""-18"": -0.13636363636363724, ""-16"": 0.0, ""-14"": 0.04545454545454575, ""-12"": -0.4545454545454547, ""-10"": 0.0909090909090915, ""-8"": 0.13636363636364002, ""-6"": -0.181818181818183, ""-4"": 0.04545454545453742, ""-2"": -0.09090909090908594, ""0"": 0.13636363636363447, ""2"": 0.04545454545454852, ""4"": 0.0, ""6"": 0.0, ""8"": -0.04545454545454852, ""10"": 0.09090909090908594, ""12"": 0.0, ""14"": 0.04545454545454852, ""16"": 0.0, ""18"": 0.0}"
runs/iqformer_s2,LSTM=W4A32,0.6371818181818182,0.6606938681627623,-0.18636363636364006,1428,394,312,0.0022772123651042366,1.277164,"{""-20"": 0.09409090909090909, ""-18"": 0.09545454545454546, ""-16"": 0.10272727272727272, ""-14"": 0.13272727272727272, ""-12"": 0.1759090909090909, ""-10"": 0.25727272727272726, ""-8"": 0.4059090909090909, ""-6"": 0.5927272727272728, ""-4"": 0.7304545454545455, ""-2"": 0.8531818181818182, ""0"": 0.9081818181818182, ""2"": 0.9286363636363636, ""4"": 0.9290909090909091, ""6"": 0.9336363636363636, ""8"": 0.9327272727272727, ""10"": 0.9322727272727273, ""12"": 0.9345454545454546, ""14"": 0.9354545454545454, ""16"": 0.9327272727272727, ""18"": 0.9359090909090909}","{""-20"": -0.0909090909090915, ""-18"": -0.1818181818181816, ""-16"": -0.0909090909090915, ""-14"": -0.4545454545454547, ""-12"": -1.4090909090909098, ""-10"": -0.31818181818181746, ""-8"": 0.0, ""-6"": -0.181818181818183, ""-4"": -1.0454545454545494, ""-2"": -0.5000000000000004, ""0"": -0.04545454545454852, ""2"": 0.09090909090908594, ""4"": 0.181818181818183, ""6"": 0.04545454545453742, ""8"": 0.181818181818183, ""10"": 0.09090909090908594, ""12"": 0.04545454545454852, ""14"": 0.0, ""16"": 0.09090909090909705, ""18"": -0.13636363636363447}"
runs/iqformer_s2,LSTM=W3A32,0.6373636363636364,0.6627889066302668,-0.16818181818182287,1747,443,369,0.010369306233989043,1.272044,"{""-20"": 0.09272727272727273, ""-18"": 0.09636363636363636, ""-16"": 0.1040909090909091, ""-14"": 0.13045454545454546, ""-12"": 0.175, ""-10"": 0.255, ""-8"": 0.4009090909090909, ""-6"": 0.585, ""-4"": 0.735909090909091, ""-2"": 0.8531818181818182, ""0"": 0.9104545454545454, ""2"": 0.9290909090909091, ""4"": 0.9295454545454546, ""6"": 0.9368181818181818, ""8"": 0.9309090909090909, ""10"": 0.9345454545454546, ""12"": 0.9372727272727273, ""14"": 0.9377272727272727, ""16"": 0.9345454545454546, ""18"": 0.9377272727272727}","{""-20"": -0.22727272727272735, ""-18"": -0.0909090909090915, ""-16"": 0.04545454545454575, ""-14"": -0.6818181818181807, ""-12"": -1.5000000000000013, ""-10"": -0.5454545454545434, ""-8"": -0.5000000000000004, ""-6"": -0.9545454545454635, ""-4"": -0.5000000000000004, ""-2"": -0.5000000000000004, ""0"": 0.1818181818181719, ""2"": 0.13636363636363447, ""4"": 0.2272727272727315, ""6"": 0.3636363636363549, ""8"": 0.0, ""10"": 0.31818181818181746, ""12"": 0.31818181818181746, ""14"": 0.2272727272727315, ""16"": 0.27272727272728003, ""18"": 0.04545454545454852}"
runs/iqformer_s2,LSTM=W32A8,0.6389090909090909,0.6615507070625756,-0.013636363636371218,84,25,19,0.4513808323961257,1.416428,"{""-20"": 0.095, ""-18"": 0.095, ""-16"": 0.10363636363636364, ""-14"": 0.13772727272727273, ""-12"": 0.18954545454545454, ""-10"": 0.2595454545454545, ""-8"": 0.4059090909090909, ""-6"": 0.595, ""-4"": 0.7404545454545455, ""-2"": 0.8577272727272728, ""0"": 0.9081818181818182, ""2"": 0.9281818181818182, ""4"": 0.9268181818181818, ""6"": 0.9331818181818182, ""8"": 0.9309090909090909, ""10"": 0.9313636363636364, ""12"": 0.9340909090909091, ""14"": 0.9359090909090909, ""16"": 0.9318181818181818, ""18"": 0.9381818181818182}","{""-20"": 0.0, ""-18"": -0.22727272727272735, ""-16"": 0.0, ""-14"": 0.04545454545454575, ""-12"": -0.04545454545454575, ""-10"": -0.0909090909090915, ""-8"": 0.0, ""-6"": 0.04545454545453742, ""-4"": -0.04545454545454852, ""-2"": -0.04545454545453742, ""0"": -0.04545454545454852, ""2"": 0.04545454545454852, ""4"": -0.04545454545454852, ""6"": 0.0, ""8"": 0.0, ""10"": 0.0, ""12"": 0.0, ""14"": 0.04545454545454852, ""16"": 0.0, ""18"": 0.09090909090909705}"
runs/iqformer_s2,LSTM=W32A6,0.6386590909090909,0.6611447165279771,-0.038636363636368465,338,94,77,0.2210112486397079,1.416428,"{""-20"": 0.09636363636363636, ""-18"": 0.09727272727272727, ""-16"": 0.10363636363636364, ""-14"": 0.13863636363636364, ""-12"": 0.18636363636363637, ""-10"": 0.25772727272727275, ""-8"": 0.4027272727272727, ""-6"": 0.5913636363636363, ""-4"": 0.7445454545454545, ""-2"": 0.8554545454545455, ""0"": 0.9095454545454545, ""2"": 0.9281818181818182, ""4"": 0.9277272727272727, ""6"": 0.9331818181818182, ""8"": 0.93, ""10"": 0.9318181818181818, ""12"": 0.9336363636363636, ""14"": 0.9359090909090909, ""16"": 0.9322727272727273, ""18"": 0.9368181818181818}","{""-20"": 0.13636363636363585, ""-18"": 0.0, ""-16"": 0.0, ""-14"": 0.13636363636363724, ""-12"": -0.3636363636363632, ""-10"": -0.27272727272726893, ""-8"": -0.31818181818181746, ""-6"": -0.31818181818182856, ""-4"": 0.3636363636363549, ""-2"": -0.27272727272726893, ""0"": 0.09090909090908594, ""2"": 0.04545454545454852, ""4"": 0.04545454545454852, ""6"": 0.0, ""8"": -0.09090909090908594, ""10"": 0.04545454545453742, ""12"": -0.04545454545454852, ""14"": 0.04545454545454852, ""16"": 0.04545454545454852, ""18"": -0.04545454545454852}"
runs/iqformer_s2,LSTM=W32A4,0.635159090909091,0.654331227195527,-0.3886363636363632,2216,671,500,6.48081902334248e-07,1.416428,"{""-20"": 0.09863636363636363, ""-18"": 0.09818181818181818, ""-16"": 0.10136363636363636, ""-14"": 0.1368181818181818, ""-12"": 0.1809090909090909, ""-10"": 0.26454545454545453, ""-8"": 0.41363636363636364, ""-6"": 0.5977272727272728, ""-4"": 0.7290909090909091, ""-2"": 0.8477272727272728, ""0"": 0.9, ""2"": 0.9172727272727272, ""4"": 0.9213636363636364, ""6"": 0.9236363636363636, ""8"": 0.925, ""10"": 0.9254545454545454, ""12"": 0.9290909090909091, ""14"": 0.9322727272727273, ""16"": 0.9281818181818182, ""18"": 0.9322727272727273}","{""-20"": 0.3636363636363632, ""-18"": 0.0909090909090901, ""-16"": -0.22727272727272735, ""-14"": -0.04545454545454575, ""-12"": -0.9090909090909094, ""-10"": 0.40909090909090895, ""-8"": 0.7727272727272749, ""-6"": 0.31818181818181746, ""-4"": -1.1818181818181839, ""-2"": -1.0454545454545383, ""0"": -0.8636363636363664, ""2"": -1.0454545454545494, ""4"": -0.5909090909090864, ""6"": -0.9545454545454635, ""8"": -0.5909090909090864, ""10"": -0.5909090909090975, ""12"": -0.5000000000000004, ""14"": -0.31818181818181746, ""16"": -0.3636363636363549, ""18"": -0.5000000000000004}"
runs/iqformer_s2,HEAD=W8A8,0.6384772727272727,0.6610319498027858,-0.056818181818185653,184,53,28,0.007275502036308492,1.41436,"{""-20"": 0.09545454545454546, ""-18"": 0.09727272727272727, ""-16"": 0.10181818181818182, ""-14"": 0.135, ""-12"": 0.18772727272727271, ""-10"": 0.26045454545454544, ""-8"": 0.40454545454545454, ""-6"": 0.5936363636363636, ""-4"": 0.7413636363636363, ""-2"": 0.8572727272727273, ""0"": 0.9086363636363637, ""2"": 0.9272727272727272, ""4"": 0.9263636363636364, ""6"": 0.9327272727272727, ""8"": 0.9309090909090909, ""10"": 0.9313636363636364, ""12"": 0.9340909090909091, ""14"": 0.935, ""16"": 0.9318181818181818, ""18"": 0.9368181818181818}","{""-20"": 0.04545454545454575, ""-18"": 0.0, ""-16"": -0.1818181818181816, ""-14"": -0.22727272727272596, ""-12"": -0.22727272727272874, ""-10"": 0.0, ""-8"": -0.13636363636363447, ""-6"": -0.09090909090909705, ""-4"": 0.04545454545453742, ""-2"": -0.09090909090908594, ""0"": 0.0, ""2"": -0.04545454545454852, ""4"": -0.09090909090908594, ""6"": -0.04545454545454852, ""8"": 0.0, ""10"": 0.0, ""12"": 0.0, ""14"": -0.04545454545453742, ""16"": 0.0, ""18"": -0.04545454545454852}"
runs/iqformer_s2,HEAD=W6A6,0.6389318181818182,0.6610961350749398,-0.01136363636363713,737,164,159,0.8239160164873605,1.414184,"{""-20"": 0.09636363636363636, ""-18"": 0.09681818181818182, ""-16"": 0.10181818181818182, ""-14"": 0.13545454545454547, ""-12"": 0.18409090909090908, ""-10"": 0.26181818181818184, ""-8"": 0.41045454545454546, ""-6"": 0.595, ""-4"": 0.7418181818181818, ""-2"": 0.8572727272727273, ""0"": 0.91, ""2"": 0.9272727272727272, ""4"": 0.9277272727272727, ""6"": 0.9327272727272727, ""8"": 0.9309090909090909, ""10"": 0.9318181818181818, ""12"": 0.9340909090909091, ""14"": 0.9354545454545454, ""16"": 0.9318181818181818, ""18"": 0.9359090909090909}","{""-20"": 0.13636363636363585, ""-18"": -0.04545454545454575, ""-16"": -0.1818181818181816, ""-14"": -0.1818181818181802, ""-12"": -0.5909090909090919, ""-10"": 0.13636363636364002, ""-8"": 0.4545454545454575, ""-6"": 0.04545454545453742, ""-4"": 0.09090909090908594, ""-2"": -0.09090909090908594, ""0"": 0.13636363636363447, ""2"": -0.04545454545454852, ""4"": 0.04545454545454852, ""6"": -0.04545454545454852, ""8"": 0.0, ""10"": 0.04545454545453742, ""12"": 0.0, ""14"": 0.0, ""16"": 0.0, ""18"": -0.13636363636363447}"
runs/iqformer_s2,HEAD=W4A4,0.6345454545454545,0.6540042976751903,-0.45000000000000595,3353,799,601,1.3386003882217008e-07,1.414008,"{""-20"": 0.0959090909090909, ""-18"": 0.09909090909090909, ""-16"": 0.10454545454545454, ""-14"": 0.13636363636363635, ""-12"": 0.18409090909090908, ""-10"": 0.2540909090909091, ""-8"": 0.41045454545454546, ""-6"": 0.5854545454545454, ""-4"": 0.7209090909090909, ""-2"": 0.8445454545454546, ""0"": 0.9054545454545454, ""2"": 0.9263636363636364, ""4"": 0.9190909090909091, ""6"": 0.93, ""8"": 0.9259090909090909, ""10"": 0.9263636363636364, ""12"": 0.9295454545454546, ""14"": 0.9313636363636364, ""16"": 0.9318181818181818, ""18"": 0.9295454545454546}","{""-20"": 0.0909090909090901, ""-18"": 0.1818181818181816, ""-16"": 0.0909090909090901, ""-14"": -0.0909090909090915, ""-12"": -0.5909090909090919, ""-10"": -0.6363636363636349, ""-8"": 0.4545454545454575, ""-6"": -0.909090909090915, ""-4"": -2.0000000000000018, ""-2"": -1.3636363636363558, ""0"": -0.31818181818182856, ""2"": -0.13636363636363447, ""4"": -0.8181818181818179, ""6"": -0.31818181818181746, ""8"": -0.5000000000000004, ""10"": -0.5000000000000004, ""12"": -0.4545454545454519, ""14"": -0.4090909090909034, ""16"": 0.0, ""18"": -0.7727272727272694}"
runs/iqformer_s2,HEAD=W8A32,0.6388409090909091,0.6614590580607046,-0.020454545454551276,28,11,2,0.0224609375,1.41436,"{""-20"": 0.095, ""-18"": 0.09681818181818182, ""-16"": 0.10363636363636364, ""-14"": 0.13727272727272727, ""-12"": 0.18863636363636363, ""-10"": 0.2595454545454545, ""-8"": 0.4059090909090909, ""-6"": 0.5936363636363636, ""-4"": 0.740909090909091, ""-2"": 0.8577272727272728, ""0"": 0.9081818181818182, ""2"": 0.9281818181818182, ""4"": 0.9272727272727272, ""6"": 0.9331818181818182, ""8"": 0.9309090909090909, ""10"": 0.9313636363636364, ""12"": 0.9340909090909091, ""14"": 0.9354545454545454, ""16"": 0.9318181818181818, ""18"": 0.9372727272727273}","{""-20"": 0.0, ""-18"": -0.04545454545454575, ""-16"": 0.0, ""-14"": 0.0, ""-12"": -0.13636363636363724, ""-10"": -0.0909090909090915, ""-8"": 0.0, ""-6"": -0.09090909090909705, ""-4"": 0.0, ""-2"": -0.04545454545453742, ""0"": -0.04545454545454852, ""2"": 0.04545454545454852, ""4"": 0.0, ""6"": 0.0, ""8"": 0.0, ""10"": 0.0, ""12"": 0.0, ""14"": 0.0, ""16"": 0.0, ""18"": 0.0}"
runs/iqformer_s2,HEAD=W6A32,0.6390454545454546,0.6615454722796733,0.0,170,45,45,1.0,1.414184,"{""-20"": 0.09545454545454546, ""-18"": 0.0959090909090909, ""-16"": 0.10318181818181818, ""-14"": 0.135, ""-12"": 0.18954545454545454, ""-10"": 0.26227272727272727, ""-8"": 0.4077272727272727, ""-6"": 0.5954545454545455, ""-4"": 0.7390909090909091, ""-2"": 0.8581818181818182, ""0"": 0.9095454545454545, ""2"": 0.9281818181818182, ""4"": 0.9272727272727272, ""6"": 0.9327272727272727, ""8"": 0.9309090909090909, ""10"": 0.9318181818181818, ""12"": 0.9345454545454546, ""14"": 0.9354545454545454, ""16"": 0.9318181818181818, ""18"": 0.9368181818181818}","{""-20"": 0.04545454545454575, ""-18"": -0.13636363636363724, ""-16"": -0.04545454545454575, ""-14"": -0.22727272727272596, ""-12"": -0.04545454545454575, ""-10"": 0.181818181818183, ""-8"": 0.181818181818183, ""-6"": 0.09090909090908594, ""-4"": -0.181818181818183, ""-2"": 0.0, ""0"": 0.09090909090908594, ""2"": 0.04545454545454852, ""4"": 0.0, ""6"": -0.04545454545454852, ""8"": 0.0, ""10"": 0.04545454545453742, ""12"": 0.04545454545454852, ""14"": 0.0, ""16"": 0.0, ""18"": -0.04545454545454852}"
runs/iqformer_s2,HEAD=W4A32,0.6383863636363636,0.6605741630747869,-0.0659090909090998,408,118,89,0.05137558857869265,1.414008,"{""-20"": 0.09636363636363636, ""-18"": 0.09727272727272727, ""-16"": 0.10227272727272728, ""-14"": 0.1368181818181818, ""-12"": 0.18727272727272729, ""-10"": 0.265, ""-8"": 0.4127272727272727, ""-6"": 0.5895454545454546, ""-4"": 0.7336363636363636, ""-2"": 0.8518181818181818, ""0"": 0.9077272727272727, ""2"": 0.9290909090909091, ""4"": 0.9272727272727272, ""6"": 0.9322727272727273, ""8"": 0.93, ""10"": 0.9313636363636364, ""12"": 0.9345454545454546, ""14"": 0.935, ""16"": 0.9318181818181818, ""18"": 0.9359090909090909}","{""-20"": 0.13636363636363585, ""-18"": 0.0, ""-16"": -0.13636363636363585, ""-14"": -0.04545454545454575, ""-12"": -0.2727272727272717, ""-10"": 0.4545454545454575, ""-8"": 0.6818181818181834, ""-6"": -0.5000000000000004, ""-4"": -0.727272727272732, ""-2"": -0.6363636363636349, ""0"": -0.09090909090909705, ""2"": 0.13636363636363447, ""4"": 0.0, ""6"": -0.09090909090909705, ""8"": -0.09090909090908594, ""10"": 0.0, ""12"": 0.04545454545454852, ""14"": -0.04545454545453742, ""16"": 0.0, ""18"": -0.13636363636363447}"
runs/iqformer_s2,HEAD=W3A32,0.6388409090909091,0.6610816901013613,-0.020454545454551276,1946,526,517,0.804371294949772,1.41392,"{""-20"": 0.09954545454545455, ""-18"": 0.09727272727272727, ""-16"": 0.105, ""-14"": 0.14272727272727273, ""-12"": 0.195, ""-10"": 0.2781818181818182, ""-8"": 0.40136363636363637, ""-6"": 0.5831818181818181, ""-4"": 0.7427272727272727, ""-2"": 0.8581818181818182, ""0"": 0.9045454545454545, ""2"": 0.9268181818181818, ""4"": 0.9218181818181819, ""6"": 0.9309090909090909, ""8"": 0.9295454545454546, ""10"": 0.93, ""12"": 0.9336363636363636, ""14"": 0.9331818181818182, ""16"": 0.9313636363636364, ""18"": 0.9318181818181818}","{""-20"": 0.4545454545454547, ""-18"": 0.0, ""-16"": 0.13636363636363585, ""-14"": 0.5454545454545462, ""-12"": 0.5000000000000004, ""-10"": 1.7727272727272758, ""-8"": -0.4545454545454519, ""-6"": -1.1363636363636465, ""-4"": 0.1818181818181719, ""-2"": 0.0, ""0"": -0.4090909090909145, ""2"": -0.09090909090909705, ""4"": -0.5454545454545379, ""6"": -0.2272727272727315, ""8"": -0.13636363636363447, ""10"": -0.13636363636363447, ""12"": -0.04545454545454852, ""14"": -0.2272727272727204, ""16"": -0.04545454545453742, ""18"": -0.545454545454549}"
runs/iqformer_s2,HEAD=W32A8,0.6385454545454545,0.6610891494777789,-0.050000000000005596,186,51,29,0.01831609751691632,1.416428,"{""-20"": 0.0959090909090909, ""-18"": 0.09772727272727273, ""-16"": 0.10181818181818182, ""-14"": 0.13545454545454547, ""-12"": 0.18818181818181817, ""-10"": 0.2609090909090909, ""-8"": 0.4031818181818182, ""-6"": 0.595, ""-4"": 0.7404545454545455, ""-2"": 0.8572727272727273, ""0"": 0.9086363636363637, ""2"": 0.9272727272727272, ""4"": 0.9263636363636364, ""6"": 0.9327272727272727, ""8"": 0.9309090909090909, ""10"": 0.9313636363636364, ""12"": 0.9340909090909091, ""14"": 0.935, ""16"": 0.9318181818181818, ""18"": 0.9368181818181818}","{""-20"": 0.0909090909090901, ""-18"": 0.04545454545454575, ""-16"": -0.1818181818181816, ""-14"": -0.1818181818181802, ""-12"": -0.181818181818183, ""-10"": 0.04545454545454852, ""-8"": -0.27272727272726893, ""-6"": 0.04545454545453742, ""-4"": -0.04545454545454852, ""-2"": -0.09090909090908594, ""0"": 0.0, ""2"": -0.04545454545454852, ""4"": -0.09090909090908594, ""6"": -0.04545454545454852, ""8"": 0.0, ""10"": 0.0, ""12"": 0.0, ""14"": -0.04545454545453742, ""16"": 0.0, ""18"": -0.04545454545454852}"
runs/iqformer_s2,HEAD=W32A6,0.6386590909090909,0.6609755239453853,-0.038636363636368465,712,165,148,0.3658212060268992,1.416428,"{""-20"": 0.09545454545454546, ""-18"": 0.09681818181818182, ""-16"": 0.10318181818181818, ""-14"": 0.135, ""-12"": 0.18454545454545454, ""-10"": 0.25772727272727275, ""-8"": 0.40954545454545455, ""-6"": 0.5954545454545455, ""-4"": 0.7418181818181818, ""-2"": 0.8572727272727273, ""0"": 0.9090909090909091, ""2"": 0.9272727272727272, ""4"": 0.9272727272727272, ""6"": 0.9327272727272727, ""8"": 0.9309090909090909, ""10"": 0.9318181818181818, ""12"": 0.9336363636363636, ""14"": 0.9354545454545454, ""16"": 0.9318181818181818, ""18"": 0.9363636363636364}","{""-20"": 0.04545454545454575, ""-18"": -0.04545454545454575, ""-16"": -0.04545454545454575, ""-14"": -0.22727272727272596, ""-12"": -0.5454545454545462, ""-10"": -0.27272727272726893, ""-8"": 0.363636363636366, ""-6"": 0.09090909090908594, ""-4"": 0.09090909090908594, ""-2"": -0.09090909090908594, ""0"": 0.04545454545453742, ""2"": -0.04545454545454852, ""4"": 0.0, ""6"": -0.04545454545454852, ""8"": 0.0, ""10"": 0.04545454545453742, ""12"": -0.04545454545454852, ""14"": 0.0, ""16"": 0.0, ""18"": -0.09090909090908594}"
runs/iqformer_s2,HEAD=W32A4,0.635159090909091,0.6548150771823319,-0.3886363636363632,3366,787,616,5.522482366344323e-06,1.416428,"{""-20"": 0.09545454545454546, ""-18"": 0.09909090909090909, ""-16"": 0.10454545454545454, ""-14"": 0.135, ""-12"": 0.185, ""-10"": 0.24909090909090909, ""-8"": 0.40954545454545455, ""-6"": 0.5895454545454546, ""-4"": 0.730909090909091, ""-2"": 0.8495454545454545, ""0"": 0.9059090909090909, ""2"": 0.925, ""4"": 0.9186363636363636, ""6"": 0.9304545454545454, ""8"": 0.9263636363636364, ""10"": 0.9259090909090909, ""12"": 0.9281818181818182, ""14"": 0.9322727272727273, ""16"": 0.9318181818181818, ""18"": 0.9309090909090909}","{""-20"": 0.04545454545454575, ""-18"": 0.1818181818181816, ""-16"": 0.0909090909090901, ""-14"": -0.22727272727272596, ""-12"": -0.5000000000000004, ""-10"": -1.1363636363636354, ""-8"": 0.363636363636366, ""-6"": -0.5000000000000004, ""-4"": -1.0000000000000009, ""-2"": -0.8636363636363664, ""0"": -0.27272727272728003, ""2"": -0.27272727272726893, ""4"": -0.8636363636363664, ""6"": -0.27272727272728003, ""8"": -0.4545454545454519, ""10"": -0.545454545454549, ""12"": -0.5909090909090864, ""14"": -0.31818181818181746, ""16"": 0.0, ""18"": -0.6363636363636349}"
runs/iqformer_s3,FP32,0.640159090909091,0.6623351558154336,0.0,0,0,0,1.0,1.420196,"{""-20"": 0.09727272727272727, ""-18"": 0.09681818181818182, ""-16"": 0.09954545454545455, ""-14"": 0.12681818181818183, ""-12"": 0.18045454545454545, ""-10"": 0.27, ""-8"": 0.41545454545454547, ""-6"": 0.5954545454545455, ""-4"": 0.7518181818181818, ""-2"": 0.8672727272727273, ""0"": 0.9136363636363637, ""2"": 0.93, ""4"": 0.9254545454545454, ""6"": 0.9318181818181818, ""8"": 0.9327272727272727, ""10"": 0.9322727272727273, ""12"": 0.9359090909090909, ""14"": 0.9340909090909091, ""16"": 0.9318181818181818, ""18"": 0.9345454545454546}",
runs/iqformer_s3,CONV=W8A8,0.640159090909091,0.662310596454708,0.0,250,64,64,1.0,0.657652,"{""-20"": 0.09727272727272727, ""-18"": 0.09681818181818182, ""-16"": 0.1, ""-14"": 0.12818181818181817, ""-12"": 0.18227272727272728, ""-10"": 0.2740909090909091, ""-8"": 0.4127272727272727, ""-6"": 0.5927272727272728, ""-4"": 0.7509090909090909, ""-2"": 0.8668181818181818, ""0"": 0.9131818181818182, ""2"": 0.93, ""4"": 0.925, ""6"": 0.9313636363636364, ""8"": 0.9327272727272727, ""10"": 0.9327272727272727, ""12"": 0.9359090909090909, ""14"": 0.9340909090909091, ""16"": 0.9313636363636364, ""18"": 0.935}","{""-20"": 0.0, ""-18"": 0.0, ""-16"": 0.04545454545454575, ""-14"": 0.13636363636363447, ""-12"": 0.181818181818183, ""-10"": 0.40909090909090895, ""-8"": -0.2727272727272745, ""-6"": -0.27272727272726893, ""-4"": -0.09090909090909705, ""-2"": -0.04545454545454852, ""0"": -0.04545454545454852, ""2"": 0.0, ""4"": -0.04545454545453742, ""6"": -0.04545454545453742, ""8"": 0.0, ""10"": 0.04545454545454852, ""12"": 0.0, ""14"": 0.0, ""16"": -0.04545454545453742, ""18"": 0.04545454545454852}"
runs/iqformer_s3,CONV=W6A6,0.6383409090909091,0.6586914879486181,-0.181818181818183,1828,445,365,0.005474543979658679,0.59337,"{""-20"": 0.09636363636363636, ""-18"": 0.0959090909090909, ""-16"": 0.09772727272727273, ""-14"": 0.12136363636363637, ""-12"": 0.17045454545454544, ""-10"": 0.2809090909090909, ""-8"": 0.40954545454545455, ""-6"": 0.5927272727272728, ""-4"": 0.7572727272727273, ""-2"": 0.8690909090909091, ""0"": 0.9127272727272727, ""2"": 0.9254545454545454, ""4"": 0.9254545454545454, ""6"": 0.9290909090909091, ""8"": 0.9290909090909091, ""10"": 0.9304545454545454, ""12"": 0.93, ""14"": 0.9309090909090909, ""16"": 0.9295454545454546, ""18"": 0.9327272727272727}","{""-20"": -0.0909090909090915, ""-18"": -0.0909090909090915, ""-16"": -0.1818181818181816, ""-14"": -0.5454545454545462, ""-12"": -1.0000000000000009, ""-10"": 1.0909090909090868, ""-8"": -0.5909090909090919, ""-6"": -0.27272727272726893, ""-4"": 0.545454545454549, ""-2"": 0.181818181818183, ""0"": -0.09090909090909705, ""2"": -0.454545454545463, ""4"": 0.0, ""6"": -0.27272727272726893, ""8"": -0.363636363636366, ""10"": -0.181818181818183, ""12"": -0.5909090909090864, ""14"": -0.31818181818181746, ""16"": -0.2272727272727204, ""18"": -0.181818181818183}"
runs/iqformer_s3,CONV=W4A4,0.3640681818181818,0.33440321579959215,-27.609090909090916,27263,13576,1428,0.0,0.529088,"{""-20"": 0.10272727272727272, ""-18"": 0.09954545454545455, ""-16"": 0.10045454545454545, ""-14"": 0.1, ""-12"": 0.12363636363636364, ""-10"": 0.1572727272727273, ""-8"": 0.21045454545454545, ""-6"": 0.2868181818181818, ""-4"": 0.41, ""-2"": 0.5268181818181819, ""0"": 0.5486363636363636, ""2"": 0.5563636363636364, ""4"": 0.5440909090909091, ""6"": 0.5095454545454545, ""8"": 0.5068181818181818, ""10"": 0.5018181818181818, ""12"": 0.5018181818181818, ""14"": 0.5036363636363637, ""16"": 0.49727272727272726, ""18"": 0.49363636363636365}","{""-20"": 0.5454545454545447, ""-18"": 0.2727272727272731, ""-16"": 0.0909090909090901, ""-14"": -2.6818181818181825, ""-12"": -5.681818181818181, ""-10"": -11.272727272727273, ""-8"": -20.5, ""-6"": -30.863636363636367, ""-4"": -34.18181818181819, ""-2"": -34.04545454545455, ""0"": -36.50000000000001, ""2"": -37.36363636363637, ""4"": -38.13636363636363, ""6"": -42.22727272727273, ""8"": -42.59090909090909, ""10"": -43.04545454545454, ""12"": -43.40909090909091, ""14"": -43.04545454545454, ""16"": -43.45454545454545, ""18"": -44.09090909090909}"
runs/iqformer_s3,CONV=W8A32,0.6402045454545454,0.6623294553114486,0.0045454545454459705,71,13,15,0.8505540192127228,0.657652,"{""-20"": 0.09727272727272727, ""-18"": 0.09636363636363636, ""-16"": 0.09954545454545455, ""-14"": 0.12636363636363637, ""-12"": 0.18, ""-10"": 0.27136363636363636, ""-8"": 0.41545454545454547, ""-6"": 0.5963636363636363, ""-4"": 0.7513636363636363, ""-2"": 0.8677272727272727, ""0"": 0.9136363636363637, ""2"": 0.93, ""4"": 0.9254545454545454, ""6"": 0.9318181818181818, ""8"": 0.9327272727272727, ""10"": 0.9322727272727273, ""12"": 0.9359090909090909, ""14"": 0.9345454545454546, ""16"": 0.9309090909090909, ""18"": 0.935}","{""-20"": 0.0, ""-18"": -0.04545454545454575, ""-16"": 0.0, ""-14"": -0.04545454545454575, ""-12"": -0.04545454545454575, ""-10"": 0.13636363636363447, ""-8"": 0.0, ""-6"": 0.09090909090908594, ""-4"": -0.04545454545454852, ""-2"": 0.04545454545453742, ""0"": 0.0, ""2"": 0.0, ""4"": 0.0, ""6"": 0.0, ""8"": 0.0, ""10"": 0.0, ""12"": 0.0, ""14"": 0.04545454545454852, ""16"": -0.09090909090908594, ""18"": 0.04545454545454852}"
runs/iqformer_s3,CONV=W6A32,0.6403636363636364,0.6628785130714027,0.020454545454540174,364,75,84,0.5259245063255041,0.59337,"{""-20"": 0.09636363636363636, ""-18"": 0.09727272727272727, ""-16"": 0.09863636363636363, ""-14"": 0.12681818181818183, ""-12"": 0.17909090909090908, ""-10"": 0.27454545454545454, ""-8"": 0.41454545454545455, ""-6"": 0.5963636363636363, ""-4"": 0.7540909090909091, ""-2"": 0.8677272727272727, ""0"": 0.9136363636363637, ""2"": 0.9281818181818182, ""4"": 0.9272727272727272, ""6"": 0.9318181818181818, ""8"": 0.9322727272727273, ""10"": 0.9327272727272727, ""12"": 0.9354545454545454, ""14"": 0.9345454545454546, ""16"": 0.9309090909090909, ""18"": 0.935}","{""-20"": -0.0909090909090915, ""-18"": 0.04545454545454575, ""-16"": -0.0909090909090915, ""-14"": 0.0, ""-12"": -0.13636363636363724, ""-10"": 0.4545454545454519, ""-8"": -0.0909090909090915, ""-6"": 0.09090909090908594, ""-4"": 0.2272727272727315, ""-2"": 0.04545454545453742, ""0"": 0.0, ""2"": -0.181818181818183, ""4"": 0.181818181818183, ""6"": 0.0, ""8"": -0.04545454545454852, ""10"": 0.04545454545454852, ""12"": -0.04545454545454852, ""14"": 0.04545454545454852, ""16"": -0.09090909090908594, ""18"": 0.04545454545454852}"
runs/iqformer_s3,CONV=W4A32,0.6365,0.6543546951071784,-0.36590909090910007,2262,575,414,3.4240241975595e-07,0.529088,"{""-20"": 0.0959090909090909, ""-18"": 0.09909090909090909, ""-16"": 0.10454545454545454, ""-14"": 0.13636363636363635, ""-12"": 0.18545454545454546, ""-10"": 0.2718181818181818, ""-8"": 0.4159090909090909, ""-6"": 0.5804545454545454, ""-4"": 0.73, ""-2"": 0.8627272727272727, ""0"": 0.91, ""2"": 0.925, ""4"": 0.9209090909090909, ""6"": 0.9259090909090909, ""8"": 0.9272727272727272, ""10"": 0.9277272727272727, ""12"": 0.9259090909090909, ""14"": 0.9281818181818182, ""16"": 0.9286363636363636, ""18"": 0.9281818181818182}","{""-20"": -0.13636363636363724, ""-18"": 0.22727272727272735, ""-16"": 0.49999999999999906, ""-14"": 0.9545454545454524, ""-12"": 0.5000000000000004, ""-10"": 0.18181818181817744, ""-8"": 0.04545454545454297, ""-6"": -1.5000000000000013, ""-4"": -2.1818181818181848, ""-2"": -0.454545454545463, ""0"": -0.363636363636366, ""2"": -0.5000000000000004, ""4"": -0.4545454545454519, ""6"": -0.5909090909090864, ""8"": -0.545454545454549, ""10"": -0.4545454545454519, ""12"": -1.0000000000000009, ""14"": -0.5909090909090864, ""16"": -0.31818181818181746, ""18"": -0.6363636363636349}"
runs/iqformer_s3,CONV=W3A32,0.6320681818181818,0.6544631970373062,-0.8090909090909149,2841,940,584,6.538395683190262e-20,0.496947,"{""-20"": 0.09318181818181819, ""-18"": 0.09636363636363636, ""-16"": 0.10363636363636364, ""-14"": 0.12454545454545454, ""-12"": 0.17545454545454545, ""-10"": 0.27136363636363636, ""-8"": 0.40954545454545455, ""-6"": 0.5831818181818181, ""-4"": 0.7268181818181818, ""-2"": 0.8290909090909091, ""0"": 0.8972727272727272, ""2"": 0.9163636363636364, ""4"": 0.9209090909090909, ""6"": 0.9245454545454546, ""8"": 0.9272727272727272, ""10"": 0.9259090909090909, ""12"": 0.9254545454545454, ""14"": 0.9295454545454546, ""16"": 0.9290909090909091, ""18"": 0.9318181818181818}","{""-20"": -0.40909090909090895, ""-18"": -0.04545454545454575, ""-16"": 0.40909090909090895, ""-14"": -0.22727272727272874, ""-12"": -0.5000000000000004, ""-10"": 0.13636363636363447, ""-8"": -0.5909090909090919, ""-6"": -1.2272727272727324, ""-4"": -2.500000000000002, ""-2"": -3.8181818181818206, ""0"": -1.636363636363647, ""2"": -1.3636363636363669, ""4"": -0.4545454545454519, ""6"": -0.7272727272727209, ""8"": -0.545454545454549, ""10"": -0.6363636363636349, ""12"": -1.0454545454545494, ""14"": -0.4545454545454519, ""16"": -0.27272727272726893, ""18"": -0.27272727272728003}"
runs/iqformer_s3,CONV=W32A8,0.6400681818181818,0.662295044495752,-0.009090909090914145,263,63,59,0.7860578568938608,1.416428,"{""-20"": 0.09772727272727273, ""-18"": 0.09772727272727273, ""-16"": 0.1, ""-14"": 0.12818181818181817, ""-12"": 0.18136363636363637, ""-10"": 0.27090909090909093, ""-8"": 0.415, ""-6"": 0.5945454545454546, ""-4"": 0.7504545454545455, ""-2"": 0.8654545454545455, ""0"": 0.9118181818181819, ""2"": 0.9295454545454546, ""4"": 0.9254545454545454, ""6"": 0.9313636363636364, ""8"": 0.9327272727272727, ""10"": 0.9322727272727273, ""12"": 0.9359090909090909, ""14"": 0.9340909090909091, ""16"": 0.9318181818181818, ""18"": 0.935}","{""-20"": 0.04545454545454575, ""-18"": 0.0909090909090915, ""-16"": 0.04545454545454575, ""-14"": 0.13636363636363447, ""-12"": 0.0909090909090915, ""-10"": 0.0909090909090915, ""-8"": -0.04545454545454852, ""-6"": -0.09090909090908594, ""-4"": -0.13636363636363447, ""-2"": -0.181818181818183, ""0"": -0.181818181818183, ""2"": -0.04545454545454852, ""4"": 0.0, ""6"": -0.04545454545453742, ""8"": 0.0, ""10"": 0.0, ""12"": 0.0, ""14"": 0.0, ""16"": 0.0, ""18"": 0.04545454545454852}"
runs/iqformer_s3,CONV=W32A6,0.6381818181818182,0.6579508689154892,-0.1977272727272772,1963,475,388,0.003393750782222812,1.416428,"{""-20"": 0.0959090909090909, ""-18"": 0.09818181818181818, ""-16"": 0.09818181818181818, ""-14"": 0.12318181818181818, ""-12"": 0.16954545454545455, ""-10"": 0.2768181818181818, ""-8"": 0.40954545454545455, ""-6"": 0.5904545454545455, ""-4"": 0.7572727272727273, ""-2"": 0.87, ""0"": 0.9140909090909091, ""2"": 0.9254545454545454, ""4"": 0.9231818181818182, ""6"": 0.9286363636363636, ""8"": 0.9304545454545454, ""10"": 0.93, ""12"": 0.93, ""14"": 0.9313636363636364, ""16"": 0.9286363636363636, ""18"": 0.9327272727272727}","{""-20"": -0.13636363636363724, ""-18"": 0.13636363636363585, ""-16"": -0.13636363636363724, ""-14"": -0.3636363636363646, ""-12"": -1.0909090909090895, ""-10"": 0.6818181818181779, ""-8"": -0.5909090909090919, ""-6"": -0.5000000000000004, ""-4"": 0.545454545454549, ""-2"": 0.27272727272726893, ""0"": 0.04545454545453742, ""2"": -0.454545454545463, ""4"": -0.2272727272727204, ""6"": -0.31818181818181746, ""8"": -0.2272727272727315, ""10"": -0.2272727272727204, ""12"": -0.5909090909090864, ""14"": -0.27272727272726893, ""16"": -0.31818181818181746, ""18"": -0.181818181818183}"
runs/iqformer_s3,CONV=W32A4,0.38997727272727273,0.3659285350211396,-25.018181818181823,25818,12435,1427,0.0,1.416428,"{""-20"": 0.09818181818181818, ""-18"": 0.0959090909090909, ""-16"": 0.09636363636363636, ""-14"": 0.09863636363636363, ""-12"": 0.12318181818181818, ""-10"": 0.15772727272727272, ""-8"": 0.2190909090909091, ""-6"": 0.31136363636363634, ""-4"": 0.42363636363636364, ""-2"": 0.5636363636363636, ""0"": 0.5940909090909091, ""2"": 0.6127272727272727, ""4"": 0.605, ""6"": 0.5622727272727273, ""8"": 0.5363636363636364, ""10"": 0.545, ""12"": 0.5377272727272727, ""14"": 0.5477272727272727, ""16"": 0.5331818181818182, ""18"": 0.5377272727272727}","{""-20"": 0.0909090909090901, ""-18"": -0.0909090909090915, ""-16"": -0.31818181818181884, ""-14"": -2.8181818181818197, ""-12"": -5.727272727272727, ""-10"": -11.22727272727273, ""-8"": -19.636363636363637, ""-6"": -28.40909090909091, ""-4"": -32.81818181818182, ""-2"": -30.36363636363637, ""0"": -31.954545454545457, ""2"": -31.727272727272737, ""4"": -32.04545454545455, ""6"": -36.95454545454545, ""8"": -39.63636363636363, ""10"": -38.72727272727272, ""12"": -39.81818181818182, ""14"": -38.63636363636363, ""16"": -39.86363636363636, ""18"": -39.68181818181819}"
runs/iqformer_s3,ATTN=W8A8,0.6402954545454546,0.6624236960838412,0.013636363636360116,80,19,25,0.4513808323961257,1.272044,"{""-20"": 0.09772727272727273, ""-18"": 0.09727272727272727, ""-16"": 0.10045454545454545, ""-14"": 0.12636363636363637, ""-12"": 0.18, ""-10"": 0.27136363636363636, ""-8"": 0.4163636363636364, ""-6"": 0.595, ""-4"": 0.7522727272727273, ""-2"": 0.8677272727272727, ""0"": 0.9127272727272727, ""2"": 0.9304545454545454, ""4"": 0.9254545454545454, ""6"": 0.9318181818181818, ""8"": 0.9327272727272727, ""10"": 0.9322727272727273, ""12"": 0.9359090909090909, ""14"": 0.9340909090909091, ""16"": 0.9313636363636364, ""18"": 0.9345454545454546}","{""-20"": 0.04545454545454575, ""-18"": 0.04545454545454575, ""-16"": 0.0909090909090901, ""-14"": -0.04545454545454575, ""-12"": -0.04545454545454575, ""-10"": 0.13636363636363447, ""-8"": 0.0909090909090915, ""-6"": -0.04545454545454852, ""-4"": 0.04545454545454852, ""-2"": 0.04545454545453742, ""0"": -0.09090909090909705, ""2"": 0.04545454545453742, ""4"": 0.0, ""6"": 0.0, ""8"": 0.0, ""10"": 0.0, ""12"": 0.0, ""14"": 0.0, ""16"": -0.04545454545453742, ""18"": 0.0}"
runs/iqformer_s3,ATTN=W6A6,0.6400227272727272,0.6618077335197952,-0.013636363636371218,449,122,116,0.7459383273676191,1.259756,"{""-20"": 0.09681818181818182, ""-18"": 0.0959090909090909, ""-16"": 0.09909090909090909, ""-14"": 0.1290909090909091, ""-12"": 0.1831818181818182, ""-10"": 0.275, ""-8"": 0.4163636363636364, ""-6"": 0.5922727272727273, ""-4"": 0.7495454545454545, ""-2"": 0.8645454545454545, ""0"": 0.9140909090909091, ""2"": 0.9286363636363636, ""4"": 0.925, ""6"": 0.93, ""8"": 0.9327272727272727, ""10"": 0.9322727272727273, ""12"": 0.935, ""14"": 0.935, ""16"": 0.9309090909090909, ""18"": 0.935}","{""-20"": -0.04545454545454575, ""-18"": -0.0909090909090915, ""-16"": -0.04545454545454575, ""-14"": 0.22727272727272596, ""-12"": 0.2727272727272745, ""-10"": 0.5000000000000004, ""-8"": 0.0909090909090915, ""-6"": -0.31818181818181746, ""-4"": -0.2272727272727315, ""-2"": -0.27272727272728003, ""0"": 0.04545454545453742, ""2"": -0.13636363636364557, ""4"": -0.04545454545453742, ""6"": -0.1818181818181719, ""8"": 0.0, ""10"": 0.0, ""12"": -0.09090909090908594, ""14"": 0.09090909090909705, ""16"": -0.09090909090908594, ""18"": 0.04545454545454852}"
runs/iqformer_s3,ATTN=W4A4,0.6161136363636364,0.6316356101903448,-2.404545454545459,7491,2835,1777,4.3058017381565784e-55,1.247468,"{""-20"": 0.09727272727272727, ""-18"": 0.1040909090909091, ""-16"": 0.10590909090909091, ""-14"": 0.15318181818181817, ""-12"": 0.2059090909090909, ""-10"": 0.2781818181818182, ""-8"": 0.4131818181818182, ""-6"": 0.55, ""-4"": 0.68, ""-2"": 0.7986363636363636, ""0"": 0.8663636363636363, ""2"": 0.894090909090909, ""4"": 0.8886363636363637, ""6"": 0.9068181818181819, ""8"": 0.884090909090909, ""10"": 0.8872727272727273, ""12"": 0.9009090909090909, ""14"": 0.9027272727272727, ""16"": 0.9022727272727272, ""18"": 0.9027272727272727}","{""-20"": 0.0, ""-18"": 0.7272727272727277, ""-16"": 0.6363636363636362, ""-14"": 2.636363636363634, ""-12"": 2.545454545454545, ""-10"": 0.8181818181818179, ""-8"": -0.22727272727272596, ""-6"": -4.545454545454541, ""-4"": -7.181818181818178, ""-2"": -6.863636363636372, ""0"": -4.7272727272727355, ""2"": -3.5909090909091, ""4"": -3.681818181818175, ""6"": -2.499999999999991, ""8"": -4.86363636363637, ""10"": -4.499999999999993, ""12"": -3.500000000000003, ""14"": -3.136363636363637, ""16"": -2.954545454545454, ""18"": -3.1818181818181857}"
runs/iqformer_s3,ATTN=W8A32,0.640159090909091,0.6623075366022816,0.0,23,6,6,1.0,1.272044,"{""-20"": 0.09727272727272727, ""-18"": 0.09727272727272727, ""-16"": 0.09954545454545455, ""-14"": 0.12681818181818183, ""-12"": 0.18, ""-10"": 0.27, ""-8"": 0.4163636363636364, ""-6"": 0.5954545454545455, ""-4"": 0.7522727272727273, ""-2"": 0.8672727272727273, ""0"": 0.9131818181818182, ""2"": 0.9295454545454546, ""4"": 0.9254545454545454, ""6"": 0.9318181818181818, ""8"": 0.9327272727272727, ""10"": 0.9322727272727273, ""12"": 0.9359090909090909, ""14"": 0.9340909090909091, ""16"": 0.9313636363636364, ""18"": 0.9345454545454546}","{""-20"": 0.0, ""-18"": 0.04545454545454575, ""-16"": 0.0, ""-14"": 0.0, ""-12"": -0.04545454545454575, ""-10"": 0.0, ""-8"": 0.0909090909090915, ""-6"": 0.0, ""-4"": 0.04545454545454852, ""-2"": 0.0, ""0"": -0.04545454545454852, ""2"": -0.04545454545454852, ""4"": 0.0, ""6"": 0.0, ""8"": 0.0, ""10"": 0.0, ""12"": 0.0, ""14"": 0.0, ""16"": -0.04545454545453742, ""18"": 0.0}"
runs/iqformer_s3,ATTN=W6A32,0.6400454545454546,0.6620614009776946,-0.01136363636363713,138,39,34,0.6399729317539425,1.259756,"{""-20"": 0.09727272727272727, ""-18"": 0.09727272727272727, ""-16"": 0.1, ""-14"": 0.12681818181818183, ""-12"": 0.17909090909090908, ""-10"": 0.27090909090909093, ""-8"": 0.4159090909090909, ""-6"": 0.5954545454545455, ""-4"": 0.7518181818181818, ""-2"": 0.8663636363636363, ""0"": 0.9131818181818182, ""2"": 0.9286363636363636, ""4"": 0.9259090909090909, ""6"": 0.9318181818181818, ""8"": 0.9327272727272727, ""10"": 0.9327272727272727, ""12"": 0.9354545454545454, ""14"": 0.9345454545454546, ""16"": 0.9309090909090909, ""18"": 0.9340909090909091}","{""-20"": 0.0, ""-18"": 0.04545454545454575, ""-16"": 0.04545454545454575, ""-14"": 0.0, ""-12"": -0.13636363636363724, ""-10"": 0.0909090909090915, ""-8"": 0.04545454545454297, ""-6"": 0.0, ""-4"": 0.0, ""-2"": -0.09090909090909705, ""0"": -0.04545454545454852, ""2"": -0.13636363636364557, ""4"": 0.04545454545454852, ""6"": 0.0, ""8"": 0.0, ""10"": 0.04545454545454852, ""12"": -0.04545454545454852, ""14"": 0.04545454545454852, ""16"": -0.09090909090908594, ""18"": -0.04545454545454852}"
runs/iqformer_s3,ATTN=W4A32,0.6391136363636364,0.6604173851804362,-0.10454545454545716,782,219,173,0.022914052057290794,1.247468,"{""-20"": 0.09636363636363636, ""-18"": 0.09727272727272727, ""-16"": 0.10181818181818182, ""-14"": 0.12863636363636363, ""-12"": 0.18363636363636363, ""-10"": 0.27636363636363637, ""-8"": 0.41954545454545455, ""-6"": 0.5927272727272728, ""-4"": 0.7440909090909091, ""-2"": 0.8590909090909091, ""0"": 0.9086363636363637, ""2"": 0.9286363636363636, ""4"": 0.9236363636363636, ""6"": 0.9304545454545454, ""8"": 0.9304545454545454, ""10"": 0.9322727272727273, ""12"": 0.9331818181818182, ""14"": 0.9336363636363636, ""16"": 0.9304545454545454, ""18"": 0.9313636363636364}","{""-20"": -0.0909090909090915, ""-18"": 0.04545454545454575, ""-16"": 0.22727272727272735, ""-14"": 0.1818181818181802, ""-12"": 0.31818181818181746, ""-10"": 0.6363636363636349, ""-8"": 0.40909090909090895, ""-6"": -0.27272727272726893, ""-4"": -0.7727272727272694, ""-2"": -0.8181818181818179, ""0"": -0.5000000000000004, ""2"": -0.13636363636364557, ""4"": -0.181818181818183, ""6"": -0.13636363636363447, ""8"": -0.2272727272727315, ""10"": 0.0, ""12"": -0.27272727272726893, ""14"": -0.04545454545454852, ""16"": -0.13636363636363447, ""18"": -0.31818181818181746}"
runs/iqformer_s3,ATTN=W3A32,0.6388409090909091,0.661702269631376,-0.1318181818181885,1216,358,300,0.02620217281340356,1.241324,"{""-20"": 0.09681818181818182, ""-18"": 0.09863636363636363, ""-16"": 0.10227272727272728, ""-14"": 0.13136363636363638, ""-12"": 0.1859090909090909, ""-10"": 0.2777272727272727, ""-8"": 0.41454545454545455, ""-6"": 0.5804545454545454, ""-4"": 0.735, ""-2"": 0.8640909090909091, ""0"": 0.9059090909090909, ""2"": 0.9263636363636364, ""4"": 0.9259090909090909, ""6"": 0.9313636363636364, ""8"": 0.9318181818181818, ""10"": 0.9327272727272727, ""12"": 0.9359090909090909, ""14"": 0.9331818181818182, ""16"": 0.9331818181818182, ""18"": 0.9336363636363636}","{""-20"": -0.04545454545454575, ""-18"": 0.1818181818181816, ""-16"": 0.2727272727272731, ""-14"": 0.4545454545454547, ""-12"": 0.5454545454545462, ""-10"": 0.7727272727272694, ""-8"": -0.0909090909090915, ""-6"": -1.5000000000000013, ""-4"": -1.6818181818181843, ""-2"": -0.31818181818181746, ""0"": -0.7727272727272805, ""2"": -0.363636363636366, ""4"": 0.04545454545454852, ""6"": -0.04545454545453742, ""8"": -0.09090909090909705, ""10"": 0.04545454545454852, ""12"": 0.0, ""14"": -0.09090909090908594, ""16"": 0.13636363636364557, ""18"": -0.09090909090909705}"
runs/iqformer_s3,ATTN=W32A8,0.640159090909091,0.6623087475561212,0.0,71,17,17,1.0,1.416428,"{""-20"": 0.09772727272727273, ""-18"": 0.09681818181818182, ""-16"": 0.09909090909090909, ""-14"": 0.12636363636363637, ""-12"": 0.17954545454545454, ""-10"": 0.27090909090909093, ""-8"": 0.4168181818181818, ""-6"": 0.5940909090909091, ""-4"": 0.7522727272727273, ""-2"": 0.8677272727272727, ""0"": 0.9131818181818182, ""2"": 0.93, ""4"": 0.9254545454545454, ""6"": 0.9318181818181818, ""8"": 0.9327272727272727, ""10"": 0.9322727272727273, ""12"": 0.9359090909090909, ""14"": 0.9340909090909091, ""16"": 0.9318181818181818, ""18"": 0.9345454545454546}","{""-20"": 0.04545454545454575, ""-18"": 0.0, ""-16"": -0.04545454545454575, ""-14"": -0.04545454545454575, ""-12"": -0.0909090909090915, ""-10"": 0.0909090909090915, ""-8"": 0.13636363636363447, ""-6"": -0.13636363636363447, ""-4"": 0.04545454545454852, ""-2"": 0.04545454545453742, ""0"": -0.04545454545454852, ""2"": 0.0, ""4"": 0.0, ""6"": 0.0, ""8"": 0.0, ""10"": 0.0, ""12"": 0.0, ""14"": 0.0, ""16"": 0.0, ""18"": 0.0}"
runs/iqformer_s3,ATTN=W32A6,0.6397954545454545,0.6616952074306522,-0.03636363636364548,427,127,111,0.33090873966423817,1.416428,"{""-20"": 0.09772727272727273, ""-18"": 0.095, ""-16"": 0.09772727272727273, ""-14"": 0.12772727272727272, ""-12"": 0.18136363636363637, ""-10"": 0.2736363636363636, ""-8"": 0.4122727272727273, ""-6"": 0.595, ""-4"": 0.7531818181818182, ""-2"": 0.8640909090909091, ""0"": 0.9122727272727272, ""2"": 0.9290909090909091, ""4"": 0.9254545454545454, ""6"": 0.9309090909090909, ""8"": 0.9327272727272727, ""10"": 0.9322727272727273, ""12"": 0.9354545454545454, ""14"": 0.935, ""16"": 0.9304545454545454, ""18"": 0.9345454545454546}","{""-20"": 0.04545454545454575, ""-18"": -0.1818181818181816, ""-16"": -0.1818181818181816, ""-14"": 0.09090909090908872, ""-12"": 0.0909090909090915, ""-10"": 0.3636363636363604, ""-8"": -0.31818181818181746, ""-6"": -0.04545454545454852, ""-4"": 0.13636363636363447, ""-2"": -0.31818181818181746, ""0"": -0.13636363636364557, ""2"": -0.09090909090909705, ""4"": 0.0, ""6"": -0.09090909090908594, ""8"": 0.0, ""10"": 0.0, ""12"": -0.04545454545454852, ""14"": 0.09090909090909705, ""16"": -0.13636363636363447, ""18"": 0.0}"
runs/iqformer_s3,ATTN=W32A4,0.6203409090909091,0.6372498421540019,-1.9818181818181846,6767,2566,1694,6.754562033077547e-41,1.416428,"{""-20"": 0.09636363636363636, ""-18"": 0.1009090909090909, ""-16"": 0.105, ""-14"": 0.14909090909090908, ""-12"": 0.1990909090909091, ""-10"": 0.27636363636363637, ""-8"": 0.40954545454545455, ""-6"": 0.5631818181818182, ""-4"": 0.7063636363636364, ""-2"": 0.815, ""0"": 0.8772727272727273, ""2"": 0.9045454545454545, ""4"": 0.8936363636363637, ""6"": 0.9159090909090909, ""8"": 0.8927272727272727, ""10"": 0.8922727272727272, ""12"": 0.9054545454545454, ""14"": 0.905, ""16"": 0.9018181818181819, ""18"": 0.8972727272727272}","{""-20"": -0.0909090909090915, ""-18"": 0.40909090909090895, ""-16"": 0.5454545454545447, ""-14"": 2.227272727272725, ""-12"": 1.8636363636363646, ""-10"": 0.6363636363636349, ""-8"": -0.5909090909090919, ""-6"": -3.227272727272723, ""-4"": -4.545454545454541, ""-2"": -5.2272727272727355, ""0"": -3.6363636363636376, ""2"": -2.5454545454545507, ""4"": -3.1818181818181746, ""6"": -1.5909090909090873, ""8"": -4.0000000000000036, ""10"": -4.0000000000000036, ""12"": -3.045454545454551, ""14"": -2.9090909090909056, ""16"": -2.9999999999999916, ""18"": -3.7272727272727346}"
runs/iqformer_s3,LSTM=W8A8,0.6404090909090909,0.6624685996341391,0.024999999999997247,132,23,34,0.18485048241641844,1.297644,"{""-20"": 0.09772727272727273, ""-18"": 0.09818181818181818, ""-16"": 0.10045454545454545, ""-14"": 0.12590909090909091, ""-12"": 0.18045454545454545, ""-10"": 0.27045454545454545, ""-8"": 0.4163636363636364, ""-6"": 0.5963636363636363, ""-4"": 0.7545454545454545, ""-2"": 0.8686363636363637, ""0"": 0.9131818181818182, ""2"": 0.9295454545454546, ""4"": 0.9254545454545454, ""6"": 0.9313636363636364, ""8"": 0.9327272727272727, ""10"": 0.9322727272727273, ""12"": 0.9359090909090909, ""14"": 0.9340909090909091, ""16"": 0.93, ""18"": 0.9345454545454546}","{""-20"": 0.04545454545454575, ""-18"": 0.13636363636363585, ""-16"": 0.0909090909090901, ""-14"": -0.0909090909090915, ""-12"": 0.0, ""-10"": 0.04545454545454297, ""-8"": 0.0909090909090915, ""-6"": 0.09090909090908594, ""-4"": 0.27272727272726893, ""-2"": 0.13636363636363447, ""0"": -0.04545454545454852, ""2"": -0.04545454545454852, ""4"": 0.0, ""6"": -0.04545454545453742, ""8"": 0.0, ""10"": 0.0, ""12"": 0.0, ""14"": 0.0, ""16"": -0.1818181818181719, ""18"": 0.0}"
runs/iqformer_s3,LSTM=W6A6,0.6396136363636363,0.6617204355135367,-0.05454545454546267,428,118,94,0.11397511041908671,1.287404,"{""-20"": 0.09772727272727273, ""-18"": 0.0959090909090909, ""-16"": 0.09909090909090909, ""-14"": 0.12818181818181817, ""-12"": 0.185, ""-10"": 0.26954545454545453, ""-8"": 0.41045454545454546, ""-6"": 0.595, ""-4"": 0.75, ""-2"": 0.865909090909091, ""0"": 0.9131818181818182, ""2"": 0.9290909090909091, ""4"": 0.9254545454545454, ""6"": 0.9309090909090909, ""8"": 0.9318181818181818, ""10"": 0.9322727272727273, ""12"": 0.9345454545454546, ""14"": 0.9331818181818182, ""16"": 0.9309090909090909, ""18"": 0.9340909090909091}","{""-20"": 0.04545454545454575, ""-18"": -0.0909090909090915, ""-16"": -0.04545454545454575, ""-14"": 0.13636363636363447, ""-12"": 0.4545454545454547, ""-10"": -0.04545454545454852, ""-8"": -0.5000000000000004, ""-6"": -0.04545454545454852, ""-4"": -0.181818181818183, ""-2"": -0.13636363636363447, ""0"": -0.04545454545454852, ""2"": -0.09090909090909705, ""4"": 0.0, ""6"": -0.09090909090908594, ""8"": -0.09090909090909705, ""10"": 0.0, ""12"": -0.13636363636363447, ""14"": -0.09090909090908594, ""16"": -0.09090909090908594, ""18"": -0.04545454545454852}"
runs/iqformer_s3,LSTM=W4A4,0.6366818181818181,0.6545024349473673,-0.3477272727272829,2401,649,496,6.84920600607526e-06,1.277164,"{""-20"": 0.09409090909090909, ""-18"": 0.10227272727272728, ""-16"": 0.10136363636363636, ""-14"": 0.12818181818181817, ""-12"": 0.1831818181818182, ""-10"": 0.28, ""-8"": 0.4109090909090909, ""-6"": 0.5972727272727273, ""-4"": 0.7495454545454545, ""-2"": 0.86, ""0"": 0.9054545454545454, ""2"": 0.9195454545454546, ""4"": 0.92, ""6"": 0.9263636363636364, ""8"": 0.925, ""10"": 0.9259090909090909, ""12"": 0.9213636363636364, ""14"": 0.9268181818181818, ""16"": 0.9272727272727272, ""18"": 0.9290909090909091}","{""-20"": -0.31818181818181884, ""-18"": 0.5454545454545462, ""-16"": 0.1818181818181816, ""-14"": 0.13636363636363447, ""-12"": 0.2727272727272745, ""-10"": 1.0000000000000009, ""-8"": -0.4545454545454575, ""-6"": 0.181818181818183, ""-4"": -0.2272727272727315, ""-2"": -0.727272727272732, ""0"": -0.818181818181829, ""2"": -1.0454545454545494, ""4"": -0.5454545454545379, ""6"": -0.5454545454545379, ""8"": -0.7727272727272694, ""10"": -0.6363636363636349, ""12"": -1.4545454545454528, ""14"": -0.727272727272732, ""16"": -0.4545454545454519, ""18"": -0.545454545454549}"
runs/iqformer_s3,LSTM=W8A32,0.6403409090909091,0.6624225118354915,0.01818181818181719,102,16,24,0.26818725105476915,1.297644,"{""-20"": 0.09727272727272727, ""-18"": 0.09818181818181818, ""-16"": 0.10045454545454545, ""-14"": 0.12590909090909091, ""-12"": 0.1809090909090909, ""-10"": 0.27045454545454545, ""-8"": 0.4163636363636364, ""-6"": 0.5959090909090909, ""-4"": 0.7531818181818182, ""-2"": 0.8672727272727273, ""0"": 0.9136363636363637, ""2"": 0.9304545454545454, ""4"": 0.925, ""6"": 0.9318181818181818, ""8"": 0.9327272727272727, ""10"": 0.9322727272727273, ""12"": 0.9354545454545454, ""14"": 0.9345454545454546, ""16"": 0.9304545454545454, ""18"": 0.9345454545454546}","{""-20"": 0.0, ""-18"": 0.13636363636363585, ""-16"": 0.0909090909090901, ""-14"": -0.0909090909090915, ""-12"": 0.04545454545454575, ""-10"": 0.04545454545454297, ""-8"": 0.0909090909090915, ""-6"": 0.04545454545454852, ""-4"": 0.13636363636363447, ""-2"": 0.0, ""0"": 0.0, ""2"": 0.04545454545453742, ""4"": -0.04545454545453742, ""6"": 0.0, ""8"": 0.0, ""10"": 0.0, ""12"": -0.04545454545454852, ""14"": 0.04545454545454852, ""16"": -0.13636363636363447, ""18"": 0.0}"
runs/iqformer_s3,LSTM=W6A32,0.6403409090909091,0.6625908136929778,0.01818181818181719,271,56,64,0.522990983889995,1.287404,"{""-20"": 0.09681818181818182, ""-18"": 0.09909090909090909, ""-16"": 0.10045454545454545, ""-14"": 0.12727272727272726, ""-12"": 0.18, ""-10"": 0.2731818181818182, ""-8"": 0.41409090909090907, ""-6"": 0.5986363636363636, ""-4"": 0.7504545454545455, ""-2"": 0.8672727272727273, ""0"": 0.9127272727272727, ""2"": 0.9304545454545454, ""4"": 0.9254545454545454, ""6"": 0.9318181818181818, ""8"": 0.9322727272727273, ""10"": 0.9318181818181818, ""12"": 0.9354545454545454, ""14"": 0.9345454545454546, ""16"": 0.9309090909090909, ""18"": 0.9340909090909091}","{""-20"": -0.04545454545454575, ""-18"": 0.22727272727272735, ""-16"": 0.0909090909090901, ""-14"": 0.04545454545454297, ""-12"": -0.04545454545454575, ""-10"": 0.31818181818181746, ""-8"": -0.13636363636364002, ""-6"": 0.31818181818181746, ""-4"": -0.13636363636363447, ""-2"": 0.0, ""0"": -0.09090909090909705, ""2"": 0.04545454545453742, ""4"": 0.0, ""6"": 0.0, ""8"": -0.04545454545454852, ""10"": -0.04545454545454852, ""12"": -0.04545454545454852, ""14"": 0.04545454545454852, ""16"": -0.09090909090908594, ""18"": -0.04545454545454852}"
runs/iqformer_s3,LSTM=W4A32,0.6399772727272727,0.6605422865232707,-0.01818181818182829,985,223,215,0.7380655086333203,1.277164,"{""-20"": 0.09454545454545454, ""-18"": 0.09727272727272727, ""-16"": 0.1009090909090909, ""-14"": 0.1290909090909091, ""-12"": 0.18363636363636363, ""-10"": 0.27545454545454545, ""-8"": 0.4159090909090909, ""-6"": 0.5940909090909091, ""-4"": 0.7504545454545455, ""-2"": 0.8663636363636363, ""0"": 0.9145454545454546, ""2"": 0.9281818181818182, ""4"": 0.9254545454545454, ""6"": 0.93, ""8"": 0.9309090909090909, ""10"": 0.9304545454545454, ""12"": 0.9322727272727273, ""14"": 0.9340909090909091, ""16"": 0.9309090909090909, ""18"": 0.935}","{""-20"": -0.2727272727272731, ""-18"": 0.04545454545454575, ""-16"": 0.13636363636363585, ""-14"": 0.22727272727272596, ""-12"": 0.31818181818181746, ""-10"": 0.5454545454545434, ""-8"": 0.04545454545454297, ""-6"": -0.13636363636363447, ""-4"": -0.13636363636363447, ""-2"": -0.09090909090909705, ""0"": 0.09090909090908594, ""2"": -0.181818181818183, ""4"": 0.0, ""6"": -0.1818181818181719, ""8"": -0.181818181818183, ""10"": -0.181818181818183, ""12"": -0.363636363636366, ""14"": 0.0, ""16"": -0.09090909090908594, ""18"": 0.04545454545454852}"
runs/iqformer_s3,LSTM=W3A32,0.635090909090909,0.6538262152930276,-0.5068181818181916,2386,680,457,3.989665113362362e-11,1.272044,"{""-20"": 0.09409090909090909, ""-18"": 0.09863636363636363, ""-16"": 0.10227272727272728, ""-14"": 0.13, ""-12"": 0.1890909090909091, ""-10"": 0.2772727272727273, ""-8"": 0.4163636363636364, ""-6"": 0.5945454545454546, ""-4"": 0.7327272727272728, ""-2"": 0.8404545454545455, ""0"": 0.9031818181818182, ""2"": 0.9245454545454546, ""4"": 0.9177272727272727, ""6"": 0.9263636363636364, ""8"": 0.925, ""10"": 0.9245454545454546, ""12"": 0.9245454545454546, ""14"": 0.9290909090909091, ""16"": 0.9281818181818182, ""18"": 0.9231818181818182}","{""-20"": -0.31818181818181884, ""-18"": 0.1818181818181816, ""-16"": 0.2727272727272731, ""-14"": 0.31818181818181746, ""-12"": 0.8636363636363636, ""-10"": 0.7272727272727264, ""-8"": 0.0909090909090915, ""-6"": -0.09090909090908594, ""-4"": -1.9090909090909047, ""-2"": -2.681818181818185, ""0"": -1.0454545454545494, ""2"": -0.545454545454549, ""4"": -0.7727272727272694, ""6"": -0.5454545454545379, ""8"": -0.7727272727272694, ""10"": -0.7727272727272694, ""12"": -1.1363636363636354, ""14"": -0.5000000000000004, ""16"": -0.3636363636363549, ""18"": -1.1363636363636354}"
runs/iqformer_s3,LSTM=W32A8,0.6402954545454546,0.6625857682123972,0.013636363636360116,77,18,24,0.44079906734259566,1.416428,"{""-20"": 0.09727272727272727, ""-18"": 0.09727272727272727, ""-16"": 0.1, ""-14"": 0.12545454545454546, ""-12"": 0.18, ""-10"": 0.2718181818181818, ""-8"": 0.4163636363636364, ""-6"": 0.595, ""-4"": 0.7536363636363637, ""-2"": 0.8681818181818182, ""0"": 0.9122727272727272, ""2"": 0.93, ""4"": 0.9259090909090909, ""6"": 0.9318181818181818, ""8"": 0.9322727272727273, ""10"": 0.9327272727272727, ""12"": 0.9359090909090909, ""14"": 0.9340909090909091, ""16"": 0.9313636363636364, ""18"": 0.9345454545454546}","{""-20"": 0.0, ""-18"": 0.04545454545454575, ""-16"": 0.04545454545454575, ""-14"": -0.13636363636363724, ""-12"": -0.04545454545454575, ""-10"": 0.18181818181817744, ""-8"": 0.0909090909090915, ""-6"": -0.04545454545454852, ""-4"": 0.181818181818183, ""-2"": 0.09090909090908594, ""0"": -0.13636363636364557, ""2"": 0.0, ""4"": 0.04545454545454852, ""6"": 0.0, ""8"": -0.04545454545454852, ""10"": 0.04545454545454852, ""12"": 0.0, ""14"": 0.0, ""16"": -0.04545454545453742, ""18"": 0.0}"
runs/iqformer_s3,LSTM=W32A6,0.6403181818181818,0.6625838017169106,0.0159090909090831,335,81,88,0.6445422120603314,1.416428,"{""-20"": 0.09681818181818182, ""-18"": 0.0959090909090909, ""-16"": 0.09954545454545455, ""-14"": 0.12727272727272726, ""-12"": 0.17954545454545454, ""-10"": 0.27545454545454545, ""-8"": 0.41363636363636364, ""-6"": 0.5972727272727273, ""-4"": 0.7531818181818182, ""-2"": 0.8663636363636363, ""0"": 0.9145454545454546, ""2"": 0.9309090909090909, ""4"": 0.925, ""6"": 0.9304545454545454, ""8"": 0.9322727272727273, ""10"": 0.9322727272727273, ""12"": 0.9359090909090909, ""14"": 0.9340909090909091, ""16"": 0.9313636363636364, ""18"": 0.9345454545454546}","{""-20"": -0.04545454545454575, ""-18"": -0.0909090909090915, ""-16"": 0.0, ""-14"": 0.04545454545454297, ""-12"": -0.0909090909090915, ""-10"": 0.5454545454545434, ""-8"": -0.181818181818183, ""-6"": 0.181818181818183, ""-4"": 0.13636363636363447, ""-2"": -0.09090909090909705, ""0"": 0.09090909090908594, ""2"": 0.09090909090908594, ""4"": -0.04545454545453742, ""6"": -0.13636363636363447, ""8"": -0.04545454545454852, ""10"": 0.0, ""12"": 0.0, ""14"": 0.0, ""16"": -0.04545454545453742, ""18"": 0.0}"
runs/iqformer_s3,LSTM=W32A4,0.6376590909090909,0.6576430552257257,-0.2500000000000058,1864,520,410,0.00034617933928951755,1.416428,"{""-20"": 0.09409090909090909, ""-18"": 0.09863636363636363, ""-16"": 0.10181818181818182, ""-14"": 0.12954545454545455, ""-12"": 0.17954545454545454, ""-10"": 0.2759090909090909, ""-8"": 0.41045454545454546, ""-6"": 0.5990909090909091, ""-4"": 0.7477272727272727, ""-2"": 0.86, ""0"": 0.9086363636363637, ""2"": 0.9240909090909091, ""4"": 0.9218181818181819, ""6"": 0.9281818181818182, ""8"": 0.9263636363636364, ""10"": 0.9290909090909091, ""12"": 0.9268181818181818, ""14"": 0.9290909090909091, ""16"": 0.9318181818181818, ""18"": 0.9304545454545454}","{""-20"": -0.31818181818181884, ""-18"": 0.1818181818181816, ""-16"": 0.22727272727272735, ""-14"": 0.2727272727272717, ""-12"": -0.0909090909090915, ""-10"": 0.5909090909090864, ""-8"": -0.5000000000000004, ""-6"": 0.363636363636366, ""-4"": -0.4090909090909145, ""-2"": -0.727272727272732, ""0"": -0.5000000000000004, ""2"": -0.5909090909090975, ""4"": -0.3636363636363549, ""6"": -0.3636363636363549, ""8"": -0.6363636363636349, ""10"": -0.31818181818181746, ""12"": -0.909090909090915, ""14"": -0.5000000000000004, ""16"": 0.0, ""18"": -0.4090909090909145}"
runs/iqformer_s3,HEAD=W8A8,0.64,0.6621054686269798,-0.015909090909094203,216,49,42,0.5296020954762458,1.41436,"{""-20"": 0.09727272727272727, ""-18"": 0.09636363636363636, ""-16"": 0.09772727272727273, ""-14"": 0.125, ""-12"": 0.18181818181818182, ""-10"": 0.2731818181818182, ""-8"": 0.41818181818181815, ""-6"": 0.5895454545454546, ""-4"": 0.7531818181818182, ""-2"": 0.8668181818181818, ""0"": 0.9131818181818182, ""2"": 0.9304545454545454, ""4"": 0.9254545454545454, ""6"": 0.9313636363636364, ""8"": 0.9327272727272727, ""10"": 0.9327272727272727, ""12"": 0.9359090909090909, ""14"": 0.9340909090909091, ""16"": 0.9309090909090909, ""18"": 0.9340909090909091}","{""-20"": 0.0, ""-18"": -0.04545454545454575, ""-16"": -0.1818181818181816, ""-14"": -0.181818181818183, ""-12"": 0.13636363636363724, ""-10"": 0.31818181818181746, ""-8"": 0.27272727272726893, ""-6"": -0.5909090909090864, ""-4"": 0.13636363636363447, ""-2"": -0.04545454545454852, ""0"": -0.04545454545454852, ""2"": 0.04545454545453742, ""4"": 0.0, ""6"": -0.04545454545453742, ""8"": 0.0, ""10"": 0.04545454545454852, ""12"": 0.0, ""14"": 0.0, ""16"": -0.09090909090908594, ""18"": -0.04545454545454852}"
runs/iqformer_s3,HEAD=W6A6,0.6401136363636364,0.66208067241885,-0.004545454545457073,833,180,178,0.957859928292544,1.414184,"{""-20"": 0.095, ""-18"": 0.09909090909090909, ""-16"": 0.10045454545454545, ""-14"": 0.13272727272727272, ""-12"": 0.18454545454545454, ""-10"": 0.27454545454545454, ""-8"": 0.40954545454545455, ""-6"": 0.595, ""-4"": 0.7468181818181818, ""-2"": 0.865909090909091, ""0"": 0.9136363636363637, ""2"": 0.9290909090909091, ""4"": 0.9259090909090909, ""6"": 0.9322727272727273, ""8"": 0.9318181818181818, ""10"": 0.9318181818181818, ""12"": 0.9345454545454546, ""14"": 0.9340909090909091, ""16"": 0.9309090909090909, ""18"": 0.9345454545454546}","{""-20"": -0.22727272727272735, ""-18"": 0.22727272727272735, ""-16"": 0.0909090909090901, ""-14"": 0.5909090909090892, ""-12"": 0.40909090909090895, ""-10"": 0.4545454545454519, ""-8"": -0.5909090909090919, ""-6"": -0.04545454545454852, ""-4"": -0.5000000000000004, ""-2"": -0.13636363636363447, ""0"": 0.0, ""2"": -0.09090909090909705, ""4"": 0.04545454545454852, ""6"": 0.04545454545454852, ""8"": -0.09090909090909705, ""10"": -0.04545454545454852, ""12"": -0.13636363636363447, ""14"": 0.0, ""16"": -0.09090909090908594, ""18"": 0.0}"
runs/iqformer_s3,HEAD=W4A4,0.6330454545454546,0.6481051277125173,-0.7113636363636378,4815,1079,766,3.3176189664617306e-13,1.414008,"{""-20"": 0.10181818181818182, ""-18"": 0.10545454545454545, ""-16"": 0.115, ""-14"": 0.13363636363636364, ""-12"": 0.18772727272727271, ""-10"": 0.2636363636363636, ""-8"": 0.3936363636363636, ""-6"": 0.5709090909090909, ""-4"": 0.7445454545454545, ""-2"": 0.8590909090909091, ""0"": 0.905, ""2"": 0.9190909090909091, ""4"": 0.9104545454545454, ""6"": 0.9204545454545454, ""8"": 0.9186363636363636, ""10"": 0.9177272727272727, ""12"": 0.9236363636363636, ""14"": 0.925, ""16"": 0.9227272727272727, ""18"": 0.9227272727272727}","{""-20"": 0.4545454545454547, ""-18"": 0.8636363636363636, ""-16"": 1.5454545454545456, ""-14"": 0.6818181818181807, ""-12"": 0.7272727272727264, ""-10"": -0.6363636363636405, ""-8"": -2.1818181818181848, ""-6"": -2.4545454545454537, ""-4"": -0.727272727272732, ""-2"": -0.8181818181818179, ""0"": -0.8636363636363664, ""2"": -1.090909090909098, ""4"": -1.5000000000000013, ""6"": -1.1363636363636354, ""8"": -1.4090909090909154, ""10"": -1.4545454545454528, ""12"": -1.2272727272727324, ""14"": -0.9090909090909038, ""16"": -0.9090909090909038, ""18"": -1.1818181818181839}"
runs/iqformer_s3,HEAD=W8A32,0.6400681818181818,0.6622136119154942,-0.009090909090914145,31,11,7,0.480682373046875,1.41436,"{""-20"": 0.09727272727272727, ""-18"": 0.09681818181818182, ""-16"": 0.09954545454545455, ""-14"": 0.12681818181818183, ""-12"": 0.17954545454545454, ""-10"": 0.27136363636363636, ""-8"": 0.41545454545454547, ""-6"": 0.5931818181818181, ""-4"": 0.7522727272727273, ""-2"": 0.8668181818181818, ""0"": 0.9136363636363637, ""2"": 0.93, ""4"": 0.9254545454545454, ""6"": 0.9318181818181818, ""8"": 0.9327272727272727, ""10"": 0.9322727272727273, ""12"": 0.9359090909090909, ""14"": 0.9340909090909091, ""16"": 0.9318181818181818, ""18"": 0.9345454545454546}","{""-20"": 0.0, ""-18"": 0.0, ""-16"": 0.0, ""-14"": 0.0, ""-12"": -0.0909090909090915, ""-10"": 0.13636363636363447, ""-8"": 0.0, ""-6"": -0.2272727272727315, ""-4"": 0.04545454545454852, ""-2"": -0.04545454545454852, ""0"": 0.0, ""2"": 0.0, ""4"": 0.0, ""6"": 0.0, ""8"": 0.0, ""10"": 0.0, ""12"": 0.0, ""14"": 0.0, ""16"": 0.0, ""18"": 0.0}"
runs/iqformer_s3,HEAD=W6A32,0.6401363636363636,0.6623010895545786,-0.0022727272727340875,115,26,25,1.0,1.414184,"{""-20"": 0.09772727272727273, ""-18"": 0.09727272727272727, ""-16"": 0.1, ""-14"": 0.12636363636363637, ""-12"": 0.1809090909090909, ""-10"": 0.2727272727272727, ""-8"": 0.4131818181818182, ""-6"": 0.5931818181818181, ""-4"": 0.7522727272727273, ""-2"": 0.8668181818181818, ""0"": 0.9140909090909091, ""2"": 0.9295454545454546, ""4"": 0.9254545454545454, ""6"": 0.9322727272727273, ""8"": 0.9327272727272727, ""10"": 0.9322727272727273, ""12"": 0.9359090909090909, ""14"": 0.9340909090909091, ""16"": 0.9313636363636364, ""18"": 0.9345454545454546}","{""-20"": 0.04545454545454575, ""-18"": 0.04545454545454575, ""-16"": 0.04545454545454575, ""-14"": -0.04545454545454575, ""-12"": 0.04545454545454575, ""-10"": 0.27272727272726893, ""-8"": -0.22727272727272596, ""-6"": -0.2272727272727315, ""-4"": 0.04545454545454852, ""-2"": -0.04545454545454852, ""0"": 0.04545454545453742, ""2"": -0.04545454545454852, ""4"": 0.0, ""6"": 0.04545454545454852, ""8"": 0.0, ""10"": 0.0, ""12"": 0.0, ""14"": 0.0, ""16"": -0.04545454545453742, ""18"": 0.0}"
runs/iqformer_s3,HEAD=W4A32,0.6398409090909091,0.6621094320405768,-0.03181818181818841,599,172,158,0.47427698603979684,1.414008,"{""-20"": 0.0959090909090909, ""-18"": 0.09772727272727273, ""-16"": 0.09772727272727273, ""-14"": 0.11818181818181818, ""-12"": 0.17272727272727273, ""-10"": 0.26954545454545453, ""-8"": 0.42272727272727273, ""-6"": 0.6013636363636363, ""-4"": 0.755, ""-2"": 0.8677272727272727, ""0"": 0.9127272727272727, ""2"": 0.9304545454545454, ""4"": 0.9254545454545454, ""6"": 0.9304545454545454, ""8"": 0.9322727272727273, ""10"": 0.9318181818181818, ""12"": 0.935, ""14"": 0.9345454545454546, ""16"": 0.9304545454545454, ""18"": 0.935}","{""-20"": -0.13636363636363724, ""-18"": 0.0909090909090915, ""-16"": -0.1818181818181816, ""-14"": -0.8636363636363651, ""-12"": -0.7727272727272722, ""-10"": -0.04545454545454852, ""-8"": 0.7272727272727264, ""-6"": 0.5909090909090864, ""-4"": 0.31818181818181746, ""-2"": 0.04545454545453742, ""0"": -0.09090909090909705, ""2"": 0.04545454545453742, ""4"": 0.0, ""6"": -0.13636363636363447, ""8"": -0.04545454545454852, ""10"": -0.04545454545454852, ""12"": -0.09090909090908594, ""14"": 0.04545454545454852, ""16"": -0.13636363636363447, ""18"": 0.04545454545454852}"
runs/iqformer_s3,HEAD=W3A32,0.6385227272727273,0.6655355227875536,-0.1636363636363658,2526,913,841,0.08999212772305352,1.41392,"{""-20"": 0.09272727272727273, ""-18"": 0.09772727272727273, ""-16"": 0.09818181818181818, ""-14"": 0.12818181818181817, ""-12"": 0.18227272727272728, ""-10"": 0.25545454545454543, ""-8"": 0.4068181818181818, ""-6"": 0.600909090909091, ""-4"": 0.7563636363636363, ""-2"": 0.8645454545454545, ""0"": 0.9090909090909091, ""2"": 0.9281818181818182, ""4"": 0.9240909090909091, ""6"": 0.9318181818181818, ""8"": 0.9318181818181818, ""10"": 0.9386363636363636, ""12"": 0.9277272727272727, ""14"": 0.9372727272727273, ""16"": 0.9186363636363636, ""18"": 0.94}","{""-20"": -0.4545454545454547, ""-18"": 0.0909090909090915, ""-16"": -0.13636363636363724, ""-14"": 0.13636363636363447, ""-12"": 0.181818181818183, ""-10"": -1.4545454545454584, ""-8"": -0.8636363636363664, ""-6"": 0.545454545454549, ""-4"": 0.4545454545454519, ""-2"": -0.27272727272728003, ""0"": -0.454545454545463, ""2"": -0.181818181818183, ""4"": -0.13636363636363447, ""6"": 0.0, ""8"": -0.09090909090909705, ""10"": 0.6363636363636349, ""12"": -0.8181818181818179, ""14"": 0.31818181818181746, ""16"": -1.3181818181818183, ""18"": 0.5454545454545379}"
runs/iqformer_s3,HEAD=W32A8,0.6400227272727272,0.6621481648861732,-0.013636363636371218,202,46,40,0.5900356111485566,1.416428,"{""-20"": 0.09727272727272727, ""-18"": 0.09636363636363636, ""-16"": 0.09772727272727273, ""-14"": 0.125, ""-12"": 0.18181818181818182, ""-10"": 0.2718181818181818, ""-8"": 0.41818181818181815, ""-6"": 0.5909090909090909, ""-4"": 0.7527272727272727, ""-2"": 0.8677272727272727, ""0"": 0.9131818181818182, ""2"": 0.9304545454545454, ""4"": 0.9254545454545454, ""6"": 0.9313636363636364, ""8"": 0.9327272727272727, ""10"": 0.9327272727272727, ""12"": 0.9359090909090909, ""14"": 0.9340909090909091, ""16"": 0.9309090909090909, ""18"": 0.9340909090909091}","{""-20"": 0.0, ""-18"": -0.04545454545454575, ""-16"": -0.1818181818181816, ""-14"": -0.181818181818183, ""-12"": 0.13636363636363724, ""-10"": 0.18181818181817744, ""-8"": 0.27272727272726893, ""-6"": -0.4545454545454519, ""-4"": 0.09090909090908594, ""-2"": 0.04545454545453742, ""0"": -0.04545454545454852, ""2"": 0.04545454545453742, ""4"": 0.0, ""6"": -0.04545454545453742, ""8"": 0.0, ""10"": 0.04545454545454852, ""12"": 0.0, ""14"": 0.0, ""16"": -0.09090909090908594, ""18"": -0.04545454545454852}"
runs/iqformer_s3,HEAD=W32A6,0.6401136363636364,0.6622131983175046,-0.004545454545457073,843,187,185,0.9586594045861985,1.416428,"{""-20"": 0.09636363636363636, ""-18"": 0.09909090909090909, ""-16"": 0.09954545454545455, ""-14"": 0.13272727272727272, ""-12"": 0.18272727272727274, ""-10"": 0.27045454545454545, ""-8"": 0.40954545454545455, ""-6"": 0.5972727272727273, ""-4"": 0.7477272727272727, ""-2"": 0.8677272727272727, ""0"": 0.9122727272727272, ""2"": 0.9290909090909091, ""4"": 0.9268181818181818, ""6"": 0.9322727272727273, ""8"": 0.9318181818181818, ""10"": 0.9318181818181818, ""12"": 0.9345454545454546, ""14"": 0.9345454545454546, ""16"": 0.9309090909090909, ""18"": 0.935}","{""-20"": -0.0909090909090915, ""-18"": 0.22727272727272735, ""-16"": 0.0, ""-14"": 0.5909090909090892, ""-12"": 0.22727272727272874, ""-10"": 0.04545454545454297, ""-8"": -0.5909090909090919, ""-6"": 0.181818181818183, ""-4"": -0.4090909090909145, ""-2"": 0.04545454545453742, ""0"": -0.13636363636364557, ""2"": -0.09090909090909705, ""4"": 0.13636363636363447, ""6"": 0.04545454545454852, ""8"": -0.09090909090909705, ""10"": -0.04545454545454852, ""12"": -0.13636363636363447, ""14"": 0.04545454545454852, ""16"": -0.09090909090908594, ""18"": 0.04545454545454852}"
runs/iqformer_s3,HEAD=W32A4,0.6325454545454545,0.6477997983322639,-0.7613636363636433,4848,1084,749,5.1678723174965946e-15,1.416428,"{""-20"": 0.10272727272727272, ""-18"": 0.10590909090909091, ""-16"": 0.11318181818181818, ""-14"": 0.13636363636363635, ""-12"": 0.19227272727272726, ""-10"": 0.26590909090909093, ""-8"": 0.3845454545454545, ""-6"": 0.5681818181818182, ""-4"": 0.7395454545454545, ""-2"": 0.8554545454545455, ""0"": 0.9027272727272727, ""2"": 0.92, ""4"": 0.9113636363636364, ""6"": 0.9213636363636364, ""8"": 0.9168181818181819, ""10"": 0.9181818181818182, ""12"": 0.9245454545454546, ""14"": 0.9254545454545454, ""16"": 0.9227272727272727, ""18"": 0.9236363636363636}","{""-20"": 0.5454545454545447, ""-18"": 0.9090909090909094, ""-16"": 1.3636363636363626, ""-14"": 0.9545454545454524, ""-12"": 1.1818181818181812, ""-10"": -0.40909090909090895, ""-8"": -3.0909090909090944, ""-6"": -2.7272727272727226, ""-4"": -1.2272727272727324, ""-2"": -1.1818181818181839, ""0"": -1.090909090909098, ""2"": -1.0000000000000009, ""4"": -1.4090909090909043, ""6"": -1.0454545454545383, ""8"": -1.5909090909090873, ""10"": -1.4090909090909043, ""12"": -1.1363636363636354, ""14"": -0.8636363636363664, ""16"": -0.9090909090909038, ""18"": -1.090909090909098}"
